-- phpMyAdmin SQL Dump
-- version 4.2.8
-- http://www.phpmyadmin.net
--
-- Host: localhost
-- Generation Time: Sep 18, 2014 at 12:30 PM
-- Server version: 5.5.38
-- PHP Version: 5.3.29

--
-- Database: 'bolao_campeao'
--

--
-- Dumping data for table tb_usuario
--

SET MODE MySQL;
-- templates

INSERT INTO tb_usuario (ID_USUARIO, DH_CADASTRO, DC_EMAIL, NM_PERFIL, DC_SENHA, DH_ULTIMO_LOGIN) VALUES (1, '2014-07-14 19:18:05', 'ricardozanini@outlook.com', 'ROLE_ADMIN', 'eGYxsdYrjdOa2lvB8Q64/0jN2S3Q3f+a+KiREJBydCIo8vysUSWd3dvYvSy5liSb', '2014-09-17 23:40:41');
INSERT INTO tb_usuario (ID_USUARIO, DH_CADASTRO, DC_EMAIL, NM_PERFIL, DC_SENHA, DH_ULTIMO_LOGIN) VALUES (2, '2014-08-18 21:07:06', 'ricardozanini@gmail.com', 'ROLE_USER', '99UlSPoe6UQHIHpHXYw8gqpWGAm4eEhJeWOzEfqOScFpZUHubHfsCHRPgrJuxVIK', '2014-09-18 11:29:07');
INSERT INTO tb_usuario (ID_USUARIO, DH_CADASTRO, DC_EMAIL, NM_PERFIL, DC_SENHA, DH_ULTIMO_LOGIN) VALUES (5, '2014-09-15 19:24:57', 'venilton@gps-pamcary.com.br', 'ROLE_USER', 'xToeLZ45GStxJT21gGqXhsXZOCLPWaJ0XuhSEuj0MbG2+Db43D2IG/n2Wh3U/af4', '2014-09-18 10:47:38');
INSERT INTO tb_usuario (ID_USUARIO, DH_CADASTRO, DC_EMAIL, NM_PERFIL, DC_SENHA, DH_ULTIMO_LOGIN) VALUES (6, '2014-09-15 19:30:10', 'sergio.tondin@gps-pamcary.com.br', 'ROLE_USER', 'HFzikOdLyA1yN1XCHL0WkMY21iMUswdFS090IT1B7QPFKS6+PcIQEtyAQb1zLxKM', '2014-09-18 10:36:09');
INSERT INTO tb_usuario (ID_USUARIO, DH_CADASTRO, DC_EMAIL, NM_PERFIL, DC_SENHA, DH_ULTIMO_LOGIN) VALUES (7, '2014-09-15 19:35:50', 'marcos.aquino@gps-pamcary.com.br', 'ROLE_USER', 'OzW/RD24rUJPtl+WoADPZdmKnGB9RUqRkutVwHoIOQD3858gi0gk2i476CZor9eO', '2014-09-17 16:58:43');
INSERT INTO tb_usuario (ID_USUARIO, DH_CADASTRO, DC_EMAIL, NM_PERFIL, DC_SENHA, DH_ULTIMO_LOGIN) VALUES (8, '2014-09-16 11:50:52', 'joao.morais@gps-pamcary.com.br', 'ROLE_USER', '2S0Df9QFfp8E3BZVHqJspPGH2Kjhax7HdEMQDHkhJvJXQbwYCfF6ISSagSl8xhXo', '2014-09-16 11:52:41');
INSERT INTO tb_usuario (ID_USUARIO, DH_CADASTRO, DC_EMAIL, NM_PERFIL, DC_SENHA, DH_ULTIMO_LOGIN) VALUES (9, '2014-09-16 15:05:40', 'fhbernardo@yahoo.com.br', 'ROLE_USER', '3gzP9cepABsA3WMrb1eKeOoOTPeo/dtKpOm9MQgDudx+fWumelTG0WMjoVY41Yia', '2014-09-17 21:33:12');
INSERT INTO tb_usuario (ID_USUARIO, DH_CADASTRO, DC_EMAIL, NM_PERFIL, DC_SENHA, DH_ULTIMO_LOGIN) VALUES (10, '2014-09-16 15:08:44', 'leonardo.wandscheer@gps-pamcary.com.br', 'ROLE_USER', 'aXirZ50mlWQVpcnQ8E++KeyRNsOpIwPldhbwiMEYpEEDGMp9zpj88EhfSBOOgicX', '2014-09-17 16:53:30');
INSERT INTO tb_usuario (ID_USUARIO, DH_CADASTRO, DC_EMAIL, NM_PERFIL, DC_SENHA, DH_ULTIMO_LOGIN) VALUES (11, '2014-09-16 16:25:07', 'joao.nobrega@pamcary.com.br', 'ROLE_USER', '95MUcDeyHP5+UjgeGkURqTidCgDhLxi5TgnMpI9siqgndXLhiCqteooD7Wa56/9v', '2014-09-16 16:25:25');
INSERT INTO tb_usuario (ID_USUARIO, DH_CADASTRO, DC_EMAIL, NM_PERFIL, DC_SENHA, DH_ULTIMO_LOGIN) VALUES (12, '2014-09-17 08:35:44', 'wzaparoli@gmail.com', 'ROLE_USER', 'hXU/5aoe720xVMtj2u42BLWQYUYJP3ChCrsJaLnYo1h9+WmT++c+g3lW4AOKDCVT', '2014-09-18 08:29:10');
INSERT INTO tb_usuario (ID_USUARIO, DH_CADASTRO, DC_EMAIL, NM_PERFIL, DC_SENHA, DH_ULTIMO_LOGIN) VALUES (13, '2014-09-17 09:02:33', 'rodriguinho.rocha@globo.com', 'ROLE_USER', 'tR+giV0DPonMKvm6kyiFEsZMMHnE6bdogCvRhkwBTrTm24/P0P01RwoGuFkIVwqB', '2014-09-17 15:32:05');
INSERT INTO tb_usuario (ID_USUARIO, DH_CADASTRO, DC_EMAIL, NM_PERFIL, DC_SENHA, DH_ULTIMO_LOGIN) VALUES (14, '2014-09-17 09:32:47', 'giovani.faganello@gmail.com', 'ROLE_USER', '/81efLWvpZ1FiHygI+fS6n8Rc3bFhfCINM957oaYFtGUAolHQwJyMq9JE0A9heTX', '2014-09-17 09:33:00');
INSERT INTO tb_usuario (ID_USUARIO, DH_CADASTRO, DC_EMAIL, NM_PERFIL, DC_SENHA, DH_ULTIMO_LOGIN) VALUES (15, '2014-09-17 09:46:52', 'rodney.paixao@uol.com.br', 'ROLE_USER', 'k77j1R2rDD/pL8VSUpI+6VLOaW8oLtCR2IcqJOUMU3tGhMEuUmshcI5EizeggOSl', '2014-09-17 09:47:17');
INSERT INTO tb_usuario (ID_USUARIO, DH_CADASTRO, DC_EMAIL, NM_PERFIL, DC_SENHA, DH_ULTIMO_LOGIN) VALUES (16, '2014-09-17 10:53:18', 'rogerio.bissolati@gmail.com', 'ROLE_USER', 'vG2B1EykzIOsXblRWwPLQysnOWYu6hqrvLStbd6fzw27SQe5y7719SuEeqaBxyDY', '2014-09-18 10:05:46');
INSERT INTO tb_usuario (ID_USUARIO, DH_CADASTRO, DC_EMAIL, NM_PERFIL, DC_SENHA, DH_ULTIMO_LOGIN) VALUES (17, '2014-09-17 15:27:54', 'shopereira@gmail.com', 'ROLE_USER', 'bM8sda9xdzpMnz0Jux1B/DAI7oaFMoTOKpthnVPVjekftvXvq0IqLjQQZSWOfNfe', '2014-09-18 07:42:56');
INSERT INTO tb_usuario (ID_USUARIO, DH_CADASTRO, DC_EMAIL, NM_PERFIL, DC_SENHA, DH_ULTIMO_LOGIN) VALUES (18, '2014-09-17 15:29:59', 'leonardo.loula@gps-pamcary.com.br', 'ROLE_USER', 'pNOnaAGr9XWp6UZT+2U0WFtz1dat7ObAoDDukvYfceJoYb0khvfPGL5V78JrNpVJ', '2014-09-18 11:05:20');
INSERT INTO tb_usuario (ID_USUARIO, DH_CADASTRO, DC_EMAIL, NM_PERFIL, DC_SENHA, DH_ULTIMO_LOGIN) VALUES (19, '2014-09-17 17:59:53', 'abacafrehley@gmail.com', 'ROLE_USER', 'ACqWPr6eBFkNqKRhtsYmZ67+CLynLkx+pjVqQFSu/EUKsfRoLICY5o+FUnSqy0VQ', '2014-09-18 11:39:32');
INSERT INTO tb_usuario (ID_USUARIO, DH_CADASTRO, DC_EMAIL, NM_PERFIL, DC_SENHA, DH_ULTIMO_LOGIN) VALUES (20, '2014-09-24 17:33:48', 'heax_xtreme@hotmail.com', 'ROLE_USER', 'jnY+6/ATuYkF47r+cDPwMS5oTR10sUXvux2J7o3NCNcU84FhO1Ni3t/10KF45k34', '2014-10-09 17:58:47');


--
-- Dumping data for table 'tb_apostador'
--

INSERT INTO tb_apostador (ID_APOSTADOR, NM_APOSTADOR, ID_USUARIO, IN_LEMBRETE_PALPITE) VALUES
(2, 'Admin', 1, 0),
(4, 'Ricardo Zanini', 2, 1),
(7, 'Venilton Dornellas', 5, 1),
(8, 'sergio tondin', 6, 0),
(9, 'Marcos Carvalho de Aquino Silva', 7, 1),
(10, 'João Batista da Silva Morais', 8, 1),
(11, 'Fernando Henrique Bernardo', 9, 1),
(12, 'Leonardo Genovesi Wandscheer', 10, 1),
(13, 'joao de nobrega junior', 11, 1),
(14, 'Wagner Zaparoli', 12, 1),
(15, 'Rodrigo Carvalho da Rocha Silva', 13, 1),
(16, 'Pastor Cospefogo', 14, 0),
(17, 'Rodney Pereira da Paixão', 15, 1),
(18, 'Rogerio', 16, 1),
(19, 'Sergio Pereira', 17, 1),
(20, 'Leo Loula', 18, 1),
(21, 'Diogo Carvalho', 19, 1),
(22, 'Claudio Jorge', 20, 1);

--
-- Dumping data for table tb_campeonato
--

INSERT INTO tb_campeonato (TP_CAMPEONATO, ID_CAMPEONATO, IN_ATIVO, IN_FINALIZADO, NM_CAMPEONATO, DC_IMG_CAPA, DC_PERMALINK, DT_INICIO, DT_FIM) VALUES
('PC', 1, 1, 0, 'Brasileirão 2014', 'brasileirao-2014.jpg', 'brasileirao-2014', '2014-04-20', '2014-12-07');

--
-- Dumping data for table tb_apostador_campeonato
--

INSERT INTO tb_apostador_campeonato (NU_EMPATE, NU_ERRADOS, NU_GOLS, NU_PLACAR, NU_PONTOS, NU_VENCEDOR, ID_CAMPEONATO, ID_APOSTADOR) VALUES
(0, 0, 0, 0, 0, 0, 1, 4),
(0, 0, 0, 0, 0, 0, 1, 7),
(0, 0, 0, 0, 0, 0, 1, 8),
(0, 0, 0, 0, 0, 0, 1, 9),
(0, 0, 0, 0, 0, 0, 1, 10),
(0, 0, 0, 0, 0, 0, 1, 11),
(0, 0, 0, 0, 0, 0, 1, 12),
(0, 0, 0, 0, 0, 0, 1, 14),
(0, 0, 0, 0, 0, 0, 1, 15),
(0, 0, 0, 0, 0, 0, 1, 17),
(0, 0, 0, 0, 0, 0, 1, 18),
(0, 0, 0, 0, 0, 0, 1, 19),
(0, 0, 0, 0, 0, 0, 1, 20),
(0, 0, 0, 0, 0, 0, 1, 21),
(0, 0, 0, 0, 0, 0, 1, 22);

--
-- Dumping data for table tb_fase
--

INSERT INTO tb_fase (TP_FASE, ID_FASE, NM_FASE, NU_ORDEM, ID_CAMPEONATO, ID_PROX_FASE) VALUES
('UN', 2, 'Fase Única', 1, 1, NULL);



--
-- Dumping data for table 'tb_ranking'
--

INSERT INTO tb_ranking (TP_RANKING, ID_RANKING, DC_RANKING, ID_FASE) VALUES
('T', 2, NULL, 2);


--
-- Dumping data for table tb_time
--

INSERT INTO tb_time (ID_TIME, DC_BRASAO_IMG, NM_TIME, NM_ALIAS) VALUES
(1, 'atletico_mg_30x30.png', 'Atlético-MG', 'CAM'),
(2, 'atletico_pr_30x30.png', 'Atlético-PR', 'CAP'),
(3, 'chapecoense_30x30.png', 'Chapecoense', 'CHA'),
(4, 'corinthians_30x30.png', 'Corinthians', 'COR'),
(5, 'coritiba_30x30.png', 'Coritiba', 'CFC'),
(6, 'criciuma_30x30.png', 'Criciúma', 'CRI'),
(7, 'cruzeiro_30x30.png', 'Cruzeiro', 'CRU'),
(8, 'figueirense_30x30.png', 'Figueirense', 'FIG'),
(9, 'flamengo_30x30.png', 'Flamengo', 'FLA'),
(10, 'fluminense_30x30.png', 'Fluminense', 'FLU'),
(11, 'goias_30x30.png', 'Goiás', 'GOI'),
(12, 'gremio_30x30.png', 'Grêmio', 'GRE'),
(13, 'internacional_30x30.png', 'Internacional', 'INT'),
(14, 'palmeiras_30x30.png', 'Palmeiras', 'PAL'),
(15, 'santos_30x30.png', 'Santos', 'SAN'),
(16, 'sao_paulo_30x30.png', 'São Paulo', 'SAO'),
(17, 'sport_30x30.png', 'Sport', 'SPO'),
(18, 'vitoria_30x30.png', 'Vitória', 'VIT'),
(19, 'bahia_30x30.png', 'Bahia', 'BAH'),
(20, 'botafogo_30x30.png', 'Botafogo', 'BOT');

--
-- Dumping data for table 'tb_campeonato_time'
--

INSERT INTO tb_campeonato_time (ID_CAMPEONATO, ID_TIME) VALUES
(1, 1),
(1, 2),
(1, 3),
(1, 4),
(1, 5),
(1, 6),
(1, 7),
(1, 8),
(1, 9),
(1, 10),
(1, 11),
(1, 12),
(1, 13),
(1, 14),
(1, 15),
(1, 16),
(1, 17),
(1, 18),
(1, 19),
(1, 20);

--
-- Dumping data for table tb_placar
--

INSERT INTO tb_placar (ID_PLACAR, NU_GOLS_MANDANTE, NU_GOLS_VISITANTE) VALUES
(27, 3, 0),
(28, 1, 0),
(29, 0, 0),
(30, 3, 0),
(31, 1, 0),
(32, 0, 0),
(33, 1, 2),
(34, 1, 2),
(35, 0, 0),
(36, 1, 1),
(47, 0, 0),
(48, 2, 2),
(49, 2, 0),
(50, 1, 1),
(51, 0, 2),
(52, 1, 0),
(53, 2, 1),
(54, 0, 1),
(55, 2, 1),
(56, 2, 2),
(57, 2, 2),
(58, 0, 0),
(59, 2, 1),
(60, 2, 3),
(61, 1, 2),
(62, 4, 2),
(63, 1, 0),
(64, 0, 1),
(65, 0, 1),
(66, 1, 0),
(67, 1, 1),
(68, 6, 0),
(69, 2, 1),
(70, 0, 1),
(71, 1, 2),
(72, 0, 2),
(73, 2, 0),
(74, 2, 1),
(75, 2, 0),
(76, 1, 1),
(77, 1, 1),
(78, 0, 1),
(79, 0, 0),
(80, 3, 2),
(81, 0, 2),
(82, 2, 0),
(83, 1, 0),
(84, 1, 2),
(85, 1, 0),
(86, 0, 1),
(87, 1, 1),
(88, 1, 1),
(89, 1, 0),
(90, 2, 0),
(91, 1, 1),
(92, 5, 2),
(93, 2, 2),
(94, 2, 1),
(95, 1, 0),
(96, 2, 3),
(97, 0, 1),
(98, 1, 1),
(99, 0, 0),
(100, 2, 0),
(101, 2, 0),
(102, 0, 1),
(103, 1, 3),
(104, 0, 0),
(105, 1, 0),
(106, 1, 4),
(107, 0, 2),
(108, 2, 0),
(109, 2, 2),
(110, 1, 0),
(111, 1, 0),
(112, 1, 1),
(113, 0, 0),
(114, 2, 0),
(115, 0, 2),
(116, 0, 0),
(117, 1, 1),
(118, 3, 0),
(119, 2, 1),
(120, 3, 0),
(121, 1, 3),
(122, 1, 1),
(123, 0, 0),
(124, 2, 0),
(125, 2, 1),
(126, 0, 1),
(127, 0, 2),
(128, 0, 2),
(129, 1, 1),
(130, 2, 1),
(131, 3, 2),
(132, 3, 1),
(133, 1, 2),
(134, 0, 0),
(135, 2, 0),
(136, 1, 0),
(137, 1, 0),
(138, 1, 1),
(139, 2, 0),
(140, 0, 1),
(141, 1, 0),
(142, 0, 0),
(143, 4, 0),
(144, 1, 2),
(145, 0, 1),
(146, 0, 0),
(147, 0, 1),
(148, 0, 3),
(149, 2, 0),
(150, 1, 3),
(151, 5, 0),
(152, 1, 0),
(153, 2, 1),
(154, 2, 3),
(155, 3, 0),
(156, 2, 1),
(157, 1, 1),
(158, 3, 1),
(159, 0, 0),
(160, 1, 0),
(161, 3, 0),
(162, 2, 0),
(163, 1, 0),
(164, 1, 1),
(165, 1, 1),
(166, 2, 1),
(167, 1, 0),
(168, 2, 1),
(169, 2, 0),
(170, 0, 1),
(171, 0, 0),
(172, 1, 0),
(173, 1, 1),
(174, 2, 0),
(175, 0, 1),
(176, 3, 1),
(177, 2, 0),
(178, 0, 1),
(179, 1, 1),
(180, 3, 0),
(181, 2, 2),
(182, 0, 1),
(183, 2, 0),
(184, 1, 2),
(185, 1, 1),
(186, 0, 0),
(187, 0, 0),
(188, 2, 0),
(189, 1, 0),
(190, 5, 2),
(191, 1, 0),
(192, 1, 0),
(193, 2, 1),
(194, 0, 1),
(195, 2, 0),
(196, 2, 1),
(197, 1, 0),
(198, 1, 0),
(199, 0, 0),
(200, 0, 2),
(201, 4, 0),
(202, 0, 1),
(203, 2, 1),
(204, 1, 0),
(205, 2, 1),
(206, 0, 1),
(207, 1, 0),
(208, 0, 0),
(209, 1, 1),
(210, 4, 2),
(211, 1, 1),
(212, 3, 1),
(213, 1, 0),
(214, 0, 1),
(215, 2, 0),
(216, 1, 2),
(217, 0, 0),
(218, 1, 0),
(219, 1, 1),
(220, 0, 0),
(221, 0, 0),
(222, 0, 1),
(223, 3, 3),
(224, 2, 3),
(225, 3, 1),
(226, 2, 0),
(227, 2, 4),
(228, 3, 0),
(229, 1, 0),
(230, 2, 1),
(231, 1, 1),
(232, 1, 0),
(233, 1, 0),
(234, 1, 0),
(235, 3, 1),
(236, 2, 0),
(255, 1, 1),
(256, 1, 1),
(257, 2, 0),
(258, 0, 2),
(259, 3, 1),
(260, 1, 2),
(261, 1, 0),
(262, 2, 0),
(263, 2, 1),
(264, 1, 0),
(265, 2, 1),
(266, 2, 1),
(267, 3, 1),
(268, 1, 0),
(269, 0, 2),
(270, 2, 1),
(271, 0, 1),
(272, 1, 2),
(273, 1, 1),
(274, 0, 1),
(275, 2, 1),
(276, 1, 2),
(277, 2, 0),
(278, 2, 2),
(279, 1, 2),
(280, 2, 1),
(281, 1, 2),
(282, 1, 1),
(283, 2, 1),
(284, 1, 2),
(285, 1, 1),
(286, 0, 3),
(287, 0, 1),
(288, 1, 1),
(289, 3, 1),
(290, 2, 1),
(291, 1, 3),
(292, 1, 1),
(293, 0, 2),
(294, 2, 0),
(295, 2, 0),
(296, 2, 1),
(297, 0, 1),
(298, 2, 1),
(299, 1, 1),
(300, 0, 1),
(301, 2, 0),
(302, 0, 0),
(303, 1, 1),
(304, 2, 1),
(305, 0, 1),
(306, 1, 1),
(307, 1, 2),
(308, 3, 1),
(309, 1, 1),
(310, 2, 0),
(311, 1, 1),
(312, 1, 2),
(313, 1, 0),
(314, 2, 0),
(315, 1, 1),
(316, 1, 2),
(317, 2, 2),
(318, 2, 2),
(319, 1, 2),
(320, 3, 0),
(321, 0, 2),
(322, 0, 0),
(323, 2, 1),
(324, 1, 1),
(325, 2, 1),
(326, 1, 0),
(327, 1, 1),
(328, 1, 0),
(329, 1, 1),
(330, 0, 2),
(331, 1, 1),
(332, 0, 1),
(333, 2, 0),
(334, 1, 0),
(335, 1, 1),
(336, 3, 1),
(337, 1, 0),
(338, 1, 1),
(339, 0, 2),
(340, 0, 2),
(341, 2, 1),
(342, 1, 2),
(343, 2, 2),
(344, 1, 2),
(345, 2, 2),
(346, 1, 1),
(347, 0, 1),
(348, 2, 0),
(349, 1, 3),
(350, 1, 2),
(351, 3, 0),
(352, 1, 3),
(353, 1, 2),
(354, 1, 2),
(355, 0, 1),
(356, 2, 0),
(357, 1, 0),
(358, 2, 0),
(359, 1, 1),
(360, 0, 2),
(361, 1, 1),
(362, 1, 2),
(363, 0, 2),
(364, 1, 0),
(365, 0, 0),
(366, 1, 0),
(367, 0, 2),
(368, 2, 0),
(369, 1, 1),
(370, 1, 1),
(371, 1, 1),
(372, 1, 2),
(373, 1, 2),
(374, 1, 0),
(375, 1, 3),
(376, 0, 2),
(377, 1, 2),
(378, 2, 0),
(379, 0, 0),
(380, 0, 2),
(381, 1, 0),
(382, 1, 0),
(383, 1, 1),
(384, 3, 0),
(385, 2, 1),
(386, 1, 1),
(387, 2, 1),
(388, 0, 1),
(389, 2, 1),
(390, 1, 0),
(391, 1, 1),
(392, 2, 1),
(393, 1, 1),
(394, 2, 1),
(395, 1, 1),
(396, 2, 1),
(397, 1, 0),
(398, 2, 1),
(399, 1, 1),
(400, 2, 0),
(401, 1, 0),
(402, 1, 0),
(405, 3, 0),
(406, 0, 0),
(407, 2, 0),
(408, 3, 1),
(409, 1, 0),
(410, 1, 0),
(411, 3, 0),
(412, 2, 0),
(413, 2, 1),
(414, 2, 0),
(415, 2, 0),
(416, 3, 1),
(417, 1, 1),
(418, 0, 0),
(419, 3, 1),
(420, 2, 3),
(421, 2, 2),
(422, 1, 1),
(423, 1, 2),
(424, 2, 0),
(425, 1, 1),
(426, 2, 1),
(427, 2, 0),
(428, 2, 0),
(429, 2, 1),
(430, 1, 2),
(431, 0, 1),
(432, 1, 0),
(433, 0, 1),
(434, 0, 0),
(435, 1, 2),
(436, 0, 0),
(437, 0, 1),
(438, 1, 1),
(439, 2, 0),
(440, 2, 1),
(441, 1, 1),
(442, 2, 3),
(443, 0, 0),
(444, 0, 2),
(445, 1, 1),
(446, 1, 2),
(447, 1, 1),
(448, 0, 1),
(449, 1, 0),
(450, 0, 1),
(451, 1, 1),
(452, 1, 0),
(453, 1, 0),
(454, 1, 2),
(455, 1, 1),
(456, 1, 1),
(457, 1, 1),
(458, 1, 1),
(459, 1, 1),
(460, 1, 1),
(461, 1, 1),
(462, 0, 2),
(463, 1, 1),
(464, 1, 1),
(465, 1, 1),
(466, 1, 1),
(467, 1, 1),
(468, 1, 2),
(469, 2, 1),
(470, 0, 0),
(471, 2, 1),
(472, 2, 0),
(473, 3, 0),
(474, 0, 1),
(475, 2, 0),
(476, 2, 0),
(477, 1, 1),
(478, 0, 2),
(479, 2, 2),
(480, 0, 1),
(481, 2, 1),
(482, 3, 1),
(483, 1, 2),
(484, 2, 1),
(485, 2, 0),
(486, 1, 1),
(487, 3, 0),
(488, 2, 1),
(489, 2, 0),
(490, 3, 1),
(491, 2, 0),
(492, 2, 0),
(493, 2, 0),
(494, 0, 1),
(495, 0, 2),
(496, 1, 3),
(497, 1, 2),
(498, 2, 0),
(499, 2, 0),
(500, 2, 2),
(501, 1, 1),
(502, 1, 1),
(503, 2, 1),
(504, 1, 2),
(505, 1, 1),
(506, 1, 1),
(507, 1, 2),
(508, 2, 2),
(509, 2, 1),
(510, 0, 1),
(511, 3, 1),
(512, 1, 0),
(513, 3, 1),
(514, 1, 2),
(515, 2, 1),
(516, 1, 3),
(517, 1, 2),
(518, 2, 0),
(519, 0, 0),
(520, 2, 1),
(521, 0, 1),
(522, 2, 0),
(523, 1, 2),
(524, 2, 1),
(525, 1, 2),
(526, 2, 0),
(527, 0, 0),
(528, 0, 1),
(529, 1, 2),
(530, 1, 0),
(531, 1, 1),
(532, 0, 1),
(533, 0, 1),
(534, 1, 1),
(535, 3, 2),
(536, 2, 3),
(537, 1, 1),
(538, 1, 0),
(539, 2, 1),
(540, 6, 0),
(541, 1, 0),
(542, 3, 1),
(543, 1, 2),
(544, 2, 1),
(545, 1, 2),
(546, 1, 2),
(547, 1, 1),
(548, 1, 1),
(549, 0, 0),
(550, 3, 0),
(551, 2, 1),
(552, 2, 1),
(553, 0, 2),
(554, 2, 2),
(555, 1, 3),
(556, 0, 2),
(557, 1, 2),
(558, 1, 2),
(559, 1, 1),
(560, 0, 1),
(561, 1, 2),
(562, 0, 1),
(563, 1, 1),
(564, 1, 0),
(565, 2, 1),
(566, 1, 0),
(567, 0, 1),
(568, 2, 1),
(569, 2, 1),
(570, 1, 0),
(571, 1, 1),
(572, 2, 1),
(573, 1, 2),
(574, 2, 1),
(575, 1, 0),
(576, 1, 1),
(577, 1, 0),
(578, 1, 1),
(579, 2, 0),
(580, 1, 0),
(581, 1, 1),
(582, 1, 0),
(583, 1, 2),
(584, 1, 0),
(585, 0, 0),
(586, 2, 1),
(587, 0, 1),
(588, 1, 1),
(589, 2, 0),
(590, 1, 0),
(591, 0, 0),
(592, 1, 1),
(593, 1, 1),
(594, 2, 0),
(595, 2, 1),
(596, 1, 1),
(597, 0, 1),
(598, 2, 0),
(599, 2, 0),
(600, 1, 0),
(601, 1, 0),
(602, 2, 0),
(603, 1, 3),
(604, 2, 0),
(605, 1, 0),
(606, 2, 0),
(607, 1, 2),
(608, 0, 0),
(609, 2, 1),
(610, 1, 0),
(611, 1, 1),
(612, 2, 0),
(613, 1, 1),
(614, 1, 1),
(615, 2, 0),
(616, 2, 1),
(617, 2, 1),
(618, 1, 1),
(619, 3, 0),
(620, 1, 3),
(621, 2, 0),
(622, 1, 2),
(623, 0, 2),
(624, 1, 1),
(625, 2, 1),
(626, 0, 1),
(627, 1, 2),
(628, 2, 1),
(629, 2, 0),
(630, 1, 2),
(631, 1, 0),
(632, 2, 1),
(633, 0, 2),
(634, 2, 1),
(635, 1, 2),
(636, 2, 1),
(637, 1, 2),
(638, 1, 1),
(639, 2, 0),
(640, 0, 2),
(641, 2, 1),
(642, 2, 1),
(643, 1, 0),
(644, 1, 0),
(645, 1, 0),
(646, 0, 2),
(647, 0, 2),
(648, 0, 2),
(649, 3, 0),
(650, 3, 0),
(651, 3, 0),
(652, 3, 0),
(653, 1, 3),
(654, 2, 1),
(655, 2, 0),
(656, 2, 1),
(657, 1, 2),
(658, 1, 0),
(659, 1, 0),
(660, 2, 1),
(661, 1, 2),
(662, 2, 1),
(663, 0, 2),
(664, 3, 1),
(665, 1, 2),
(666, 1, 1),
(667, 1, 0),
(668, 2, 0),
(669, 1, 0),
(670, 0, 3),
(671, 0, 2),
(672, 1, 0),
(673, 2, 1),
(674, 2, 1),
(675, 2, 3),
(676, 3, 1),
(677, 2, 0),
(678, 1, 2),
(679, 4, 1),
(680, 0, 2),
(681, 1, 3),
(682, 2, 2),
(683, 1, 2),
(684, 3, 0),
(685, 1, 0),
(686, 3, 0),
(687, 1, 0),
(688, 0, 0),
(689, 2, 2),
(690, 1, 1),
(691, 1, 2),
(692, 2, 0),
(693, 2, 1),
(694, 2, 0),
(695, 2, 1),
(696, 2, 0),
(697, 2, 1),
(698, 1, 2),
(699, 1, 1),
(700, 0, 1),
(701, 0, 1),
(702, 2, 0),
(703, 1, 1),
(704, 1, 0),
(705, 1, 0),
(706, 2, 1),
(707, 1, 1),
(708, 2, 1),
(709, 1, 1),
(710, 1, 0),
(711, 2, 0),
(712, 3, 2),
(713, 0, 1),
(714, 0, 2),
(715, 2, 0),
(716, 1, 1),
(717, 2, 2),
(718, 1, 1),
(719, 2, 0),
(720, 2, 1),
(721, 2, 1),
(722, 1, 2),
(723, 2, 1),
(724, 1, 0),
(725, 2, 1),
(726, 0, 1),
(727, 1, 1),
(728, 1, 1),
(729, 2, 0),
(730, 2, 0),
(731, 2, 1),
(732, 1, 2),
(733, 1, 1),
(734, 0, 2),
(735, 2, 1),
(736, 0, 1),
(737, 2, 0),
(738, 1, 2),
(739, 3, 0),
(740, 1, 1),
(741, 1, 0),
(742, 2, 2),
(743, 0, 2),
(744, 1, 2),
(745, 2, 0),
(746, 0, 0),
(747, 2, 1),
(748, 1, 0),
(749, 1, 0),
(750, 2, 0),
(751, 1, 0),
(752, 0, 2),
(753, 1, 1),
(754, 0, 2),
(755, 2, 0),
(756, 1, 0),
(757, 1, 1),
(758, 2, 2),
(759, 1, 1),
(760, 2, 0),
(761, 2, 1),
(762, 1, 1),
(763, 3, 0),
(764, 1, 2),
(765, 0, 1),
(766, 1, 3),
(767, 1, 1),
(768, 1, 1),
(769, 3, 1),
(770, 2, 0),
(771, 3, 1),
(772, 1, 3),
(773, 0, 2),
(774, 1, 2),
(775, 3, 1),
(776, 1, 2),
(777, 2, 1),
(778, 1, 3),
(779, 2, 0),
(780, 1, 1),
(781, 2, 2),
(782, 2, 1),
(783, 1, 2),
(784, 0, 2),
(785, 1, 0),
(786, 0, 2),
(787, 0, 1),
(788, 2, 1),
(789, 1, 2),
(790, 1, 2),
(791, 2, 0),
(792, 1, 2),
(793, 0, 2),
(794, 0, 1),
(795, 3, 0),
(796, 0, 1),
(797, 2, 0),
(798, 1, 0),
(799, 2, 0),
(800, 3, 1),
(801, 2, 2),
(802, 1, 0),
(803, 1, 2),
(804, 0, 2),
(805, 3, 1),
(806, 1, 1),
(807, 2, 1),
(808, 1, 2),
(809, 2, 1),
(810, 2, 1),
(811, 2, 1),
(812, 1, 3),
(813, 1, 1),
(814, 1, 1),
(815, 2, 0),
(816, 0, 2),
(817, 0, 0),
(818, 3, 0),
(819, 0, 1),
(820, 1, 2),
(821, 1, 1),
(822, 0, 0),
(823, 1, 1),
(824, 0, 0),
(825, 1, 3),
(826, 0, 2),
(827, 2, 1),
(828, 1, 0),
(829, 2, 0),
(830, 2, 0),
(831, 3, 1),
(832, 4, 2),
(833, 0, 2),
(834, 1, 1),
(835, 1, 3),
(836, 2, 2),
(837, 2, 1),
(838, 3, 0),
(839, 0, 0),
(840, 1, 2),
(841, 0, 1),
(842, 3, 0),
(843, 1, 0),
(844, 1, 0),
(845, 1, 2),
(846, 2, 1),
(847, 2, 1),
(848, 2, 1),
(849, 1, 0),
(850, 2, 1),
(851, 1, 0),
(852, 1, 0),
(853, 1, 0),
(854, 1, 2),
(855, 2, 1),
(856, 3, 1),
(857, 1, 2),
(858, 1, 0),
(859, 0, 0),
(860, 0, 2),
(861, 3, 2),
(862, 2, 2),
(863, 1, 0),
(864, 1, 1),
(865, 1, 1),
(866, 2, 0),
(867, 1, 1),
(868, 1, 1),
(869, 1, 0),
(870, 0, 2),
(871, 1, 2),
(872, 2, 1),
(873, 3, 1),
(874, 1, 1),
(875, 1, 3),
(876, 3, 1),
(877, 2, 2),
(878, 1, 1),
(879, 2, 1),
(880, 0, 2),
(881, 2, 2),
(882, 2, 1),
(883, 2, 1),
(884, 1, 1),
(885, 1, 2),
(886, 2, 1),
(887, 2, 1),
(888, 0, 2),
(889, 2, 1),
(890, 0, 2),
(891, 2, 1),
(892, 1, 1),
(893, 0, 2),
(894, 2, 0),
(895, 2, 0),
(896, 1, 2),
(897, 1, 0),
(898, 0, 2),
(899, 2, 2),
(900, 0, 0),
(901, 2, 1),
(902, 1, 2),
(903, 2, 0),
(904, 1, 1),
(905, 2, 1),
(906, 2, 1),
(907, 0, 1),
(908, 2, 0),
(909, 1, 1),
(910, 1, 2),
(911, 1, 1),
(912, 2, 2),
(913, 1, 0),
(914, 1, 2),
(915, 0, 0),
(916, 2, 0),
(917, 1, 0),
(918, 0, 1),
(919, 2, 1),
(920, 0, 1),
(921, 1, 0),
(922, 1, 0),
(923, 2, 0),
(924, 1, 1),
(925, 1, 2),
(926, 2, 0),
(927, 1, 2),
(928, 1, 1),
(929, 1, 1),
(930, 1, 2),
(931, 2, 1),
(932, 3, 0),
(933, 1, 0),
(934, 2, 2),
(935, 2, 1),
(936, 2, 0),
(937, 1, 2),
(938, 2, 1),
(939, 2, 0),
(940, 1, 1),
(941, 1, 2),
(942, 1, 2),
(943, 1, 1),
(944, 2, 2),
(945, 1, 3),
(946, 3, 1),
(947, 1, 3),
(948, 1, 0),
(949, 2, 2),
(950, 0, 2),
(951, 0, 2),
(952, 3, 2),
(953, 4, 2),
(954, 2, 1),
(955, 2, 2),
(956, 2, 0),
(957, 1, 0),
(958, 0, 0),
(959, 2, 0),
(960, 0, 1),
(961, 2, 1),
(962, 1, 0),
(963, 0, 1),
(964, 2, 1),
(965, 0, 2),
(966, 2, 2),
(967, 1, 2),
(968, 3, 1),
(969, 2, 0),
(970, 2, 1),
(971, 2, 0),
(972, 1, 2),
(973, 0, 2),
(974, 0, 1),
(975, 1, 2),
(976, 1, 1),
(977, 3, 1),
(978, 1, 1),
(979, 2, 2),
(980, 2, 0),
(981, 0, 1),
(982, 0, 1),
(983, 1, 1),
(984, 1, 0),
(985, 2, 1),
(986, 2, 1),
(987, 3, 0),
(988, 1, 0),
(989, 3, 1),
(990, 1, 1),
(991, 2, 0),
(992, 1, 1),
(993, 2, 0),
(994, 0, 1),
(995, 3, 2),
(996, 2, 0),
(997, 2, 0),
(998, 2, 0),
(999, 0, 0),
(1000, 2, 1),
(1001, 2, 1),
(1002, 1, 2),
(1003, 2, 1),
(1004, 1, 2),
(1005, 2, 1),
(1006, 2, 1),
(1007, 2, 0),
(1008, 3, 1),
(1009, 2, 1),
(1010, 1, 0),
(1011, 1, 0),
(1012, 1, 2),
(1013, 0, 1),
(1014, 1, 0),
(1015, 2, 1),
(1016, 2, 1),
(1017, 2, 1),
(1018, 1, 0),
(1019, 1, 0),
(1020, 2, 0),
(1021, 2, 2),
(1022, 1, 0),
(1023, 3, 0),
(1024, 0, 2),
(1025, 1, 3),
(1026, 1, 1),
(1027, 2, 1),
(1028, 0, 2),
(1029, 1, 1),
(1030, 2, 1),
(1031, 2, 0),
(1032, 1, 1),
(1033, 1, 1),
(1034, 1, 0),
(1035, 1, 2),
(1036, 1, 1),
(1037, 0, 2),
(1038, 2, 0),
(1039, 0, 3),
(1040, 1, 1),
(1041, 0, 0),
(1042, 0, 3),
(1043, 2, 0),
(1044, 1, 1),
(1045, 4, 1),
(1046, 1, 2),
(1047, 2, 1),
(1048, 1, 1),
(1049, 0, 0),
(1050, 0, 2),
(1051, 2, 0),
(1052, 0, 2),
(1053, 0, 3),
(1054, 0, 2),
(1055, 2, 1),
(1056, 2, 1),
(1057, 1, 2),
(1058, 3, 0),
(1059, 1, 1),
(1060, 2, 2),
(1061, 1, 2),
(1062, 2, 1),
(1063, 0, 2),
(1064, 3, 1),
(1065, 2, 0),
(1066, 1, 2),
(1067, 2, 0),
(1068, 2, 2),
(1069, 0, 0),
(1070, 0, 1),
(1071, 0, 2),
(1072, 2, 2),
(1073, 2, 0),
(1074, 2, 0),
(1075, 0, 0),
(1076, 2, 2),
(1077, 0, 2),
(1078, 0, 1),
(1079, 0, 2),
(1080, 2, 0),
(1081, 1, 1),
(1082, 0, 3),
(1083, 1, 1),
(1084, 0, 2),
(1085, 1, 0),
(1086, 2, 1),
(1087, 2, 0),
(1088, 2, 1),
(1089, 1, 2),
(1090, 1, 0),
(1091, 1, 0),
(1092, 1, 0),
(1093, 0, 2),
(1094, 0, 1),
(1095, 1, 1),
(1096, 1, 0),
(1097, 3, 1),
(1098, 2, 0),
(1099, 1, 3),
(1100, 2, 1),
(1101, 2, 2),
(1102, 2, 2),
(1103, 1, 2),
(1104, 1, 1),
(1105, 2, 2),
(1106, 1, 0),
(1107, 3, 1),
(1108, 2, 0),
(1109, 1, 0),
(1110, 1, 0),
(1111, 1, 1),
(1112, 0, 2),
(1113, 2, 0),
(1114, 0, 1),
(1115, 2, 1),
(1116, 2, 0),
(1117, 0, 0),
(1118, 0, 0),
(1119, 1, 0),
(1120, 0, 1),
(1121, 2, 1),
(1122, 0, 1),
(1123, 0, 0),
(1124, 0, 2),
(1125, 0, 0),
(1126, 1, 0),
(1127, 2, 0),
(1128, 2, 0),
(1129, 0, 0),
(1130, 1, 1),
(1131, 2, 1),
(1132, 2, 0),
(1133, 1, 2),
(1134, 0, 1),
(1135, 1, 1),
(1136, 2, 0),
(1137, 1, 1),
(1138, 2, 1),
(1139, 0, 2),
(1140, 0, 1),
(1141, 2, 1),
(1142, 1, 0),
(1143, 1, 1),
(1144, 0, 1),
(1145, 2, 0),
(1146, 1, 2),
(1147, 2, 0),
(1148, 0, 3),
(1149, 0, 1),
(1150, 0, 2),
(1151, 2, 1),
(1152, 0, 2),
(1153, 3, 0),
(1154, 2, 1),
(1155, 2, 0),
(1156, 0, 1),
(1157, 2, 1),
(1158, 0, 2),
(1159, 1, 2),
(1160, 2, 1),
(1161, 2, 1),
(1162, 1, 1),
(1163, 2, 0),
(1164, 1, 2),
(1165, 2, 0),
(1166, 1, 1),
(1167, 2, 1),
(1168, 1, 2),
(1169, 2, 0),
(1170, 1, 2),
(1171, 1, 0),
(1172, 2, 0),
(1173, 1, 2),
(1174, 0, 1),
(1175, 1, 0),
(1176, 1, 1),
(1177, 2, 2),
(1178, 2, 1),
(1179, 1, 0),
(1180, 1, 0),
(1181, 0, 1),
(1182, 1, 0),
(1183, 0, 1),
(1184, 2, 0),
(1185, 1, 2),
(1186, 2, 2),
(1187, 1, 0),
(1188, 2, 1),
(1189, 1, 0),
(1190, 1, 0),
(1191, 2, 1),
(1192, 1, 1),
(1193, 2, 0),
(1194, 1, 2),
(1195, 1, 2),
(1196, 2, 0),
(1197, 2, 0),
(1198, 1, 0),
(1199, 2, 1),
(1200, 1, 1),
(1201, 1, 2),
(1202, 1, 0),
(1203, 1, 2),
(1204, 1, 1),
(1205, 2, 1),
(1206, 1, 0),
(1207, 5, 0),
(1208, 0, 0),
(1209, 1, 0);


--
-- Dumping data for table 'tb_rodada'
--

INSERT INTO tb_rodada (ID_RODADA, NM_RODADA, ID_RANKING, DT_FIM_RODADA, DT_INI_RODADA, NU_ORDEM) VALUES
(39, 'Rodada 1', 2, '2014-04-20', '2014-04-19', 1),
(40, 'Rodada 2', 2, '2014-04-27', '2014-04-26', 2),
(41, 'Rodada 3', 2, '2014-05-04', '2014-05-03', 3),
(42, 'Rodada 4', 2, '2014-05-11', '2014-05-10', 4),
(43, 'Rodada 5', 2, '2014-05-14', '2014-05-18', 5),
(44, 'Rodada 6', 2, '2014-05-21', '2014-05-21', 6),
(45, 'Rodada 7', 2, '2014-05-25', '2014-05-25', 7),
(46, 'Rodada 8', 2, '2014-05-28', '2014-05-28', 8),
(47, 'Rodada 9', 2, '2014-06-01', '2014-06-01', 9),
(48, 'Rodada 10', 2, '2014-07-16', '2014-07-16', 10),
(49, 'Rodada 11', 2, '2014-07-20', '2014-07-20', 11),
(50, 'Rodada 12', 2, '2014-07-27', '2014-07-27', 12),
(51, 'Rodada 13', 2, '2014-08-03', '2014-08-03', 13),
(52, 'Rodada 14', 2, '2014-08-10', '2014-08-10', 14),
(53, 'Rodada 15', 2, '2014-08-17', '2014-08-17', 15),
(54, 'Rodada 16', 2, '2014-08-20', '2014-08-20', 16),
(55, 'Rodada 17', 2, '2014-08-24', '2014-08-24', 17),
(56, 'Rodada 18', 2, '2014-08-31', '2014-08-31', 18),
(57, 'Rodada 19', 2, '2014-09-07', '2014-09-07', 19),
(58, 'Rodada 20', 2, '2014-09-10', '2014-09-10', 20),
(59, 'Rodada 21', 2, '2014-09-14', '2014-09-14', 21),
(60, 'Rodada 22', 2, '2014-09-17', '2014-09-17', 22),
(61, 'Rodada 23', 2, '2014-09-21', '2014-09-21', 23),
(62, 'Rodada 24', 2, '2014-09-24', '2014-09-24', 24),
(63, 'Rodada 25', 2, '2014-09-28', '2014-09-28', 25),
(64, 'Rodada 26', 2, '2014-10-04', '2014-10-04', 26),
(65, 'Rodada 27', 2, '2014-10-08', '2014-10-08', 27),
(66, 'Rodada 28', 2, '2014-10-12', '2014-10-12', 28),
(67, 'Rodada 29', 2, '2014-10-19', '2014-10-19', 29),
(68, 'Rodada 30', 2, '2014-10-22', '2014-10-22', 30),
(69, 'Rodada 31', 2, '2014-10-25', '2014-10-25', 31),
(70, 'Rodada 32', 2, '2014-11-02', '2014-11-02', 32),
(71, 'Rodada 33', 2, '2014-11-09', '2014-11-09', 33),
(72, 'Rodada 34', 2, '2014-11-16', '2014-11-16', 34),
(73, 'Rodada 35', 2, '2014-11-19', '2014-11-19', 35),
(74, 'Rodada 36', 2, '2014-11-23', '2014-11-23', 36),
(75, 'Rodada 37', 2, '2014-11-30', '2014-11-30', 37),
(76, 'Rodada 38', 2, '2014-12-07', '2014-12-07', 38);


--
-- Dumping data for table 'tb_partida'
--

INSERT INTO tb_partida (TP_PARTIDA, ID_PARTIDA, IN_COMPUTADA, DH_PARTIDA, DC_LOCAL, ST_PARTIDA, ID_TIME_MANDANTE, ID_TIME_VISITANTE, ID_PLACAR_PENALTI, ID_PLACAR, ID_RODADA, ID_CHAVE, ID_FASE, DH_COMPUTADA) VALUES
('R', 2732, 0, '2014-04-20 16:00:00', 'Maracanã', 'ND', 9, 11, NULL, 35, 39, NULL, 2, '2014-09-22 08:48:20'),
('R', 2733, 0, '2014-04-20 16:00:00', 'Maracanã', 'ND', 10, 8, NULL, 27, 39, NULL, 2, '2014-09-22 08:48:20'),
('R', 2734, 0, '2014-04-20 16:00:00', 'Morumbi', 'ND', 16, 20, NULL, 30, 39, NULL, 2, '2014-09-22 08:48:20'),
('R', 2735, 0, '2014-04-20 16:00:00', 'Vila Belmiro', 'ND', 15, 17, NULL, 36, 39, NULL, 2, '2014-09-22 08:48:20'),
('R', 2736, 0, '2014-04-20 16:00:00', 'A definir (*)', 'ND', 2, 12, NULL, 31, 39, NULL, 2, '2014-09-22 08:48:20'),
('R', 2737, 0, '2014-04-20 16:00:00', 'A definir (*)', 'ND', 1, 4, NULL, 32, 39, NULL, 2, '2014-09-22 08:48:20'),
('R', 2738, 0, '2014-04-20 16:00:00', 'Fonte Nova', 'ND', 19, 7, NULL, 33, 39, NULL, 2, '2014-09-22 08:48:20'),
('R', 2739, 0, '2014-04-20 16:00:00', 'Beira Rio', 'ND', 13, 18, NULL, 28, 39, NULL, 2, '2014-09-22 08:48:20'),
('R', 2740, 0, '2014-04-20 16:00:00', 'Heriberto Hulse', 'ND', 6, 14, NULL, 34, 39, NULL, 2, '2014-09-22 08:48:20'),
('R', 2741, 0, '2014-04-20 16:00:00', 'Arena Condá', 'ND', 3, 5, NULL, 29, 39, NULL, 2, '2014-09-22 08:48:20'),
('R', 2742, 0, '2014-04-27 16:00:00', 'Maracanã', 'ND', 20, 13, NULL, 48, 40, NULL, 2, '2014-09-22 08:48:20'),
('R', 2743, 0, '2014-04-27 16:00:00', 'Ilha do Retiro', 'ND', 17, 3, NULL, 55, 40, NULL, 2, '2014-09-22 08:48:20'),
('R', 2744, 0, '2014-04-27 16:00:00', 'Arena Corinthians', 'ND', 4, 9, NULL, 49, 40, NULL, 2, '2014-09-22 08:48:20'),
('R', 2745, 0, '2014-04-27 16:00:00', 'Pacaembu', 'ND', 14, 10, NULL, 54, 40, NULL, 2, '2014-09-22 08:48:20'),
('R', 2746, 0, '2014-04-27 16:00:00', 'Couto Pereira', 'ND', 5, 15, NULL, 47, 40, NULL, 2, '2014-09-22 08:48:20'),
('R', 2747, 0, '2014-04-27 16:00:00', 'A definir (*)', 'ND', 7, 16, NULL, 50, 40, NULL, 2, '2014-09-22 08:48:20'),
('R', 2748, 0, '2014-04-27 16:00:00', 'Manoel Barradas', 'ND', 18, 2, NULL, 56, 40, NULL, 2, '2014-09-22 08:48:20'),
('R', 2749, 0, '2014-04-27 16:00:00', 'Arena do Grêmio', 'ND', 12, 1, NULL, 53, 40, NULL, 2, '2014-09-22 08:48:20'),
('R', 2750, 0, '2014-04-27 16:00:00', 'A definir (*)', 'ND', 8, 19, NULL, 51, 40, NULL, 2, '2014-09-22 08:48:20'),
('R', 2751, 0, '2014-04-27 16:00:00', 'A definir (*)', 'ND', 11, 6, NULL, 52, 40, NULL, 2, '2014-09-22 08:48:20'),
('R', 2752, 0, '2014-05-04 16:00:00', 'Maracanã', 'ND', 9, 14, NULL, 62, 41, NULL, 2, '2014-09-22 08:48:20'),
('R', 2753, 0, '2014-05-04 16:00:00', 'Maracanã', 'ND', 10, 18, NULL, 61, 41, NULL, 2, '2014-09-22 08:48:20'),
('R', 2754, 0, '2014-05-04 16:00:00', 'Morumbi', 'ND', 16, 5, NULL, 57, 41, NULL, 2, '2014-09-22 08:48:20'),
('R', 2755, 0, '2014-05-04 16:00:00', 'Pacaembu', 'ND', 15, 12, NULL, 58, 41, NULL, 2, '2014-09-22 08:48:20'),
('R', 2756, 0, '2014-05-04 16:00:00', 'A definir (*)', 'ND', 2, 7, NULL, 60, 41, NULL, 2, '2014-09-22 08:48:20'),
('R', 2757, 0, '2014-05-04 16:00:00', 'Independência', 'ND', 1, 11, NULL, 65, 41, NULL, 2, '2014-09-22 08:48:20'),
('R', 2758, 0, '2014-05-04 16:00:00', 'Fonte Nova', 'ND', 19, 20, NULL, 66, 41, NULL, 2, '2014-09-22 08:48:20'),
('R', 2759, 0, '2014-05-04 16:00:00', 'Beira Rio', 'ND', 13, 17, NULL, 59, 41, NULL, 2, '2014-09-22 08:48:20'),
('R', 2760, 0, '2014-05-04 16:00:00', 'Heriberto Hulse', 'ND', 6, 8, NULL, 63, 41, NULL, 2, '2014-09-22 08:48:20'),
('R', 2761, 0, '2014-05-04 16:00:00', 'Arena Condá', 'ND', 3, 4, NULL, 64, 41, NULL, 2, '2014-09-22 08:48:20'),
('R', 2762, 0, '2014-05-11 16:00:00', 'Maracanã', 'ND', 20, 6, NULL, 68, 42, NULL, 2, '2014-09-22 08:48:20'),
('R', 2763, 0, '2014-05-11 16:00:00', 'Maracanã', 'ND', 10, 9, NULL, 73, 42, NULL, 2, '2014-09-22 08:48:20'),
('R', 2764, 0, '2014-05-11 16:00:00', 'Morumbi', 'ND', 16, 4, NULL, 76, 42, NULL, 2, '2014-09-22 08:48:20'),
('R', 2765, 0, '2014-05-11 16:00:00', 'Pacaembu', 'ND', 14, 11, NULL, 75, 42, NULL, 2, '2014-09-22 08:48:20'),
('R', 2766, 0, '2014-05-11 16:00:00', 'Couto Pereira', 'ND', 5, 17, NULL, 70, 42, NULL, 2, '2014-09-22 08:48:20'),
('R', 2767, 0, '2014-05-11 16:00:00', 'Independência', 'ND', 1, 7, NULL, 69, 42, NULL, 2, '2014-09-22 08:48:20'),
('R', 2768, 0, '2014-05-11 16:00:00', 'Fonte Nova', 'ND', 19, 18, NULL, 67, 42, NULL, 2, '2014-09-22 08:48:20'),
('R', 2769, 0, '2014-05-11 16:00:00', 'Beira Rio', 'ND', 13, 2, NULL, 74, 42, NULL, 2, '2014-09-22 08:48:20'),
('R', 2770, 0, '2014-05-11 16:00:00', 'A definir (*)', 'ND', 8, 15, NULL, 72, 42, NULL, 2, '2014-09-22 08:48:20'),
('R', 2771, 0, '2014-05-11 16:00:00', 'Arena Condá', 'ND', 3, 12, NULL, 71, 42, NULL, 2, '2014-09-22 08:48:20'),
('R', 2772, 0, '2014-05-18 16:00:00', 'Maracanã', 'ND', 9, 16, NULL, 81, 43, NULL, 2, '2014-09-22 08:48:20'),
('R', 2773, 0, '2014-05-18 16:00:00', 'Ilha do Retiro', 'ND', 17, 19, NULL, 85, 43, NULL, 2, '2014-09-22 08:48:20'),
('R', 2774, 0, '2014-05-18 16:00:00', 'A definir (**)', 'ND', 4, 8, NULL, 78, 43, NULL, 2, '2014-09-22 08:48:20'),
('R', 2775, 0, '2014-05-18 16:00:00', 'A definir (**)', 'ND', 15, 1, NULL, 84, 43, NULL, 2, '2014-09-22 08:48:20'),
('R', 2776, 0, '2014-05-18 16:00:00', 'A definir (*)', 'ND', 2, 3, NULL, 77, 43, NULL, 2, '2014-09-22 08:48:20'),
('R', 2777, 0, '2014-05-18 16:00:00', 'Mineirão', 'ND', 7, 5, NULL, 80, 43, NULL, 2, '2014-09-22 08:48:20'),
('R', 2778, 0, '2014-05-18 16:00:00', 'Manoel Barradas', 'ND', 18, 14, NULL, 86, 43, NULL, 2, '2014-09-22 08:48:20'),
('R', 2779, 0, '2014-05-18 16:00:00', 'Arena do Grêmio', 'ND', 12, 10, NULL, 83, 43, NULL, 2, '2014-09-22 08:48:20'),
('R', 2780, 0, '2014-05-18 16:00:00', 'Heriberto Hulse', 'ND', 6, 13, NULL, 79, 43, NULL, 2, '2014-09-22 08:48:20'),
('R', 2781, 0, '2014-05-18 16:00:00', 'A definir (*)', 'ND', 11, 20, NULL, 82, 43, NULL, 2, '2014-09-22 08:48:20'),
('R', 2782, 0, '2014-05-21 16:00:00', 'A definir (**)', 'ND', 9, 19, NULL, 91, 44, NULL, 2, '2014-09-22 08:48:20'),
('R', 2783, 0, '2014-05-21 16:00:00', 'A definir (**)', 'ND', 10, 16, NULL, 92, 44, NULL, 2, '2014-09-22 08:48:20'),
('R', 2784, 0, '2014-05-21 16:00:00', 'A definir (**)', 'ND', 4, 2, NULL, 88, 44, NULL, 2, '2014-09-22 08:48:20'),
('R', 2785, 0, '2014-05-21 16:00:00', 'A definir (**)', 'ND', 14, 8, NULL, 95, 44, NULL, 2, '2014-09-22 08:48:20'),
('R', 2786, 0, '2014-05-21 16:00:00', 'A definir (**)', 'ND', 5, 13, NULL, 87, 44, NULL, 2, '2014-09-22 08:48:20'),
('R', 2787, 0, '2014-05-21 16:00:00', 'A definir (**)', 'ND', 7, 17, NULL, 90, 44, NULL, 2, '2014-09-22 08:48:20'),
('R', 2788, 0, '2014-05-21 16:00:00', 'A definir (**)', 'ND', 18, 1, NULL, 96, 44, NULL, 2, '2014-09-22 08:48:20'),
('R', 2789, 0, '2014-05-21 16:00:00', 'A definir (**)', 'ND', 12, 20, NULL, 94, 44, NULL, 2, '2014-09-22 08:48:20'),
('R', 2790, 0, '2014-05-21 16:00:00', 'Heriberto Hulse', 'ND', 6, 3, NULL, 89, 44, NULL, 2, '2014-09-22 08:48:20'),
('R', 2791, 0, '2014-05-21 16:00:00', 'Serra Dourada', 'ND', 11, 15, NULL, 93, 44, NULL, 2, '2014-09-22 08:48:20'),
('R', 2792, 0, '2014-05-25 16:00:00', 'A definir (**)', 'ND', 20, 18, NULL, 98, 45, NULL, 2, '2014-09-22 08:48:20'),
('R', 2793, 0, '2014-05-25 16:00:00', 'Ilha do Retiro', 'ND', 17, 4, NULL, 106, 45, NULL, 2, '2014-09-22 08:48:20'),
('R', 2794, 0, '2014-05-25 16:00:00', 'Morumbi', 'ND', 16, 12, NULL, 105, 45, NULL, 2, '2014-09-22 08:48:20'),
('R', 2795, 0, '2014-05-25 16:00:00', 'A definir (**)', 'ND', 15, 9, NULL, 104, 45, NULL, 2, '2014-09-22 08:48:20'),
('R', 2796, 0, '2014-05-25 16:00:00', 'A definir (*)', 'ND', 2, 5, NULL, 100, 45, NULL, 2, '2014-09-22 08:48:20'),
('R', 2797, 0, '2014-05-25 16:00:00', 'A definir (**)', 'ND', 1, 6, NULL, 99, 45, NULL, 2, '2014-09-22 08:48:20'),
('R', 2798, 0, '2014-05-25 16:00:00', 'A definir (**)', 'ND', 19, 10, NULL, 97, 45, NULL, 2, '2014-09-22 08:48:20'),
('R', 2799, 0, '2014-05-25 16:00:00', 'A definir (**)', 'ND', 13, 7, NULL, 103, 45, NULL, 2, '2014-09-22 08:48:20'),
('R', 2800, 0, '2014-05-25 16:00:00', 'Orlando Scarpelli', 'ND', 8, 11, NULL, 102, 45, NULL, 2, '2014-09-22 08:48:20'),
('R', 2801, 0, '2014-05-25 16:00:00', 'Arena Condá', 'ND', 3, 14, NULL, 101, 45, NULL, 2, '2014-09-22 08:48:20'),
('R', 2802, 0, '2014-05-28 22:00:00', 'A definir (**)', 'ND', 9, 8, NULL, 112, 46, NULL, 2, '2014-09-22 08:48:20'),
('R', 2803, 0, '2014-05-28 22:00:00', 'Ilha do Retiro', 'ND', 17, 12, NULL, 116, 46, NULL, 2, '2014-09-22 08:48:20'),
('R', 2804, 0, '2014-05-28 22:00:00', 'A definir (**)', 'ND', 4, 7, NULL, 110, 46, NULL, 2, '2014-09-22 08:48:20'),
('R', 2805, 0, '2014-05-28 22:00:00', 'A definir (**)', 'ND', 14, 20, NULL, 115, 46, NULL, 2, '2014-09-22 08:48:20'),
('R', 2806, 0, '2014-05-28 22:00:00', 'A definir (*)', 'ND', 2, 16, NULL, 109, 46, NULL, 2, '2014-09-22 08:48:20'),
('R', 2807, 0, '2014-05-28 22:00:00', 'A definir (**)', 'ND', 1, 10, NULL, 108, 46, NULL, 2, '2014-09-22 08:48:20'),
('R', 2808, 0, '2014-05-28 22:00:00', 'A definir (**)', 'ND', 19, 15, NULL, 107, 46, NULL, 2, '2014-09-22 08:48:20'),
('R', 2809, 0, '2014-05-28 22:00:00', 'A definir (**)', 'ND', 13, 3, NULL, 114, 46, NULL, 2, '2014-09-22 08:48:20'),
('R', 2810, 0, '2014-05-28 22:00:00', 'Heriberto Hulse', 'ND', 6, 5, NULL, 111, 46, NULL, 2, '2014-09-22 08:48:20'),
('R', 2811, 0, '2014-05-28 22:00:00', 'Serra Dourada', 'ND', 11, 18, NULL, 113, 46, NULL, 2, '2014-09-22 08:48:20'),
('R', 2812, 0, '2014-06-01 16:00:00', 'A definir (**)', 'ND', 20, 4, NULL, 117, 47, NULL, 2, '2014-09-22 08:48:20'),
('R', 2813, 0, '2014-06-01 16:00:00', 'A definir (**)', 'ND', 10, 13, NULL, 122, 47, NULL, 2, '2014-09-22 08:48:20'),
('R', 2814, 0, '2014-06-01 16:00:00', 'Morumbi', 'ND', 16, 1, NULL, 125, 47, NULL, 2, '2014-09-22 08:48:20'),
('R', 2815, 0, '2014-06-01 16:00:00', 'A definir (**)', 'ND', 15, 6, NULL, 124, 47, NULL, 2, '2014-09-22 08:48:20'),
('R', 2816, 0, '2014-06-01 16:00:00', 'A definir (**)', 'ND', 5, 11, NULL, 118, 47, NULL, 2, '2014-09-22 08:48:20'),
('R', 2817, 0, '2014-06-01 16:00:00', 'A definir (**)', 'ND', 7, 9, NULL, 120, 47, NULL, 2, '2014-09-22 08:48:20'),
('R', 2818, 0, '2014-06-01 16:00:00', 'A definir (**)', 'ND', 18, 17, NULL, 126, 47, NULL, 2, '2014-09-22 08:48:20'),
('R', 2819, 0, '2014-06-01 16:00:00', 'A definir (**)', 'ND', 12, 14, NULL, 123, 47, NULL, 2, '2014-09-22 08:48:20'),
('R', 2820, 0, '2014-06-01 16:00:00', 'Orlando Scarpelli', 'ND', 8, 2, NULL, 121, 47, NULL, 2, '2014-09-22 08:48:20'),
('R', 2821, 0, '2014-06-01 16:00:00', 'Arena Condá', 'ND', 3, 19, NULL, 119, 47, NULL, 2, '2014-09-22 08:48:20'),
('R', 2822, 0, '2014-07-16 22:00:00', 'A definir (**)', 'ND', 9, 2, NULL, 133, 48, NULL, 2, '2014-09-22 08:48:21'),
('R', 2823, 0, '2014-07-16 22:00:00', 'Ilha do Retiro', 'ND', 17, 20, NULL, 136, 48, NULL, 2, '2014-09-22 08:48:21'),
('R', 2824, 0, '2014-07-16 22:00:00', 'A definir (**)', 'ND', 4, 13, NULL, 130, 48, NULL, 2, '2014-09-22 08:48:21'),
('R', 2825, 0, '2014-07-16 22:00:00', 'A definir (**)', 'ND', 15, 14, NULL, 135, 48, NULL, 2, '2014-09-22 08:48:21'),
('R', 2826, 0, '2014-07-16 22:00:00', 'Couto Pereira', 'ND', 5, 8, NULL, 128, 48, NULL, 2, '2014-09-22 08:48:21'),
('R', 2827, 0, '2014-07-16 22:00:00', 'Mineirão', 'ND', 7, 18, NULL, 132, 48, NULL, 2, '2014-09-22 08:48:21'),
('R', 2828, 0, '2014-07-16 22:00:00', 'Fonte Nova', 'ND', 19, 16, NULL, 127, 48, NULL, 2, '2014-09-22 08:48:21'),
('R', 2829, 0, '2014-07-16 22:00:00', 'Arena do Grêmio', 'ND', 12, 11, NULL, 134, 48, NULL, 2, '2014-09-22 08:48:21'),
('R', 2830, 0, '2014-07-16 22:00:00', 'Heriberto Hulse', 'ND', 6, 10, NULL, 131, 48, NULL, 2, '2014-09-22 08:48:21'),
('R', 2831, 0, '2014-07-16 22:00:00', 'Arena Condá', 'ND', 3, 1, NULL, 129, 48, NULL, 2, '2014-09-22 08:48:21'),
('R', 2832, 0, '2014-07-20 16:00:00', 'Maracanã', 'ND', 20, 5, NULL, 137, 49, NULL, 2, '2014-09-22 08:48:21'),
('R', 2833, 0, '2014-07-20 16:00:00', 'Maracanã', 'ND', 10, 15, NULL, 141, 49, NULL, 2, '2014-09-22 08:48:21'),
('R', 2834, 0, '2014-07-20 16:00:00', 'Morumbi', 'ND', 16, 3, NULL, 145, 49, NULL, 2, '2014-09-22 08:48:21'),
('R', 2835, 0, '2014-07-20 16:00:00', 'Pacaembu', 'ND', 14, 7, NULL, 144, 49, NULL, 2, '2014-09-22 08:48:21'),
('R', 2836, 0, '2014-07-20 16:00:00', 'A definir (*)', 'ND', 2, 6, NULL, 139, 49, NULL, 2, '2014-09-22 08:48:21'),
('R', 2837, 0, '2014-07-20 16:00:00', 'Independência', 'ND', 1, 19, NULL, 138, 49, NULL, 2, '2014-09-22 08:48:21'),
('R', 2838, 0, '2014-07-20 16:00:00', 'Manoel Barradas', 'ND', 18, 4, NULL, 146, 49, NULL, 2, '2014-09-22 08:48:21'),
('R', 2839, 0, '2014-07-20 16:00:00', 'Beira Rio', 'ND', 13, 9, NULL, 143, 49, NULL, 2, '2014-09-22 08:48:21'),
('R', 2840, 0, '2014-07-20 16:00:00', 'Orlando Scarpelli', 'ND', 8, 12, NULL, 140, 49, NULL, 2, '2014-09-22 08:48:21'),
('R', 2841, 0, '2014-07-20 16:00:00', 'Serra Dourada', 'ND', 11, 17, NULL, 142, 49, NULL, 2, '2014-09-22 08:48:21'),
('R', 2842, 0, '2014-07-27 16:00:00', 'Maracanã', 'ND', 9, 20, NULL, 152, 50, NULL, 2, '2014-09-22 08:48:21'),
('R', 2843, 0, '2014-07-27 16:00:00', 'Ilha do Retiro', 'ND', 17, 1, NULL, 156, 50, NULL, 2, '2014-09-22 08:48:21'),
('R', 2844, 0, '2014-07-27 16:00:00', 'Arena Corinthians', 'ND', 4, 14, NULL, 149, 50, NULL, 2, '2014-09-22 08:48:21'),
('R', 2845, 0, '2014-07-27 16:00:00', 'Pacaembu', 'ND', 15, 3, NULL, 155, 50, NULL, 2, '2014-09-22 08:48:21'),
('R', 2846, 0, '2014-07-27 16:00:00', 'A definir (*)', 'ND', 2, 10, NULL, 148, 50, NULL, 2, '2014-09-22 08:48:21'),
('R', 2847, 0, '2014-07-27 16:00:00', 'Mineirão', 'ND', 7, 8, NULL, 151, 50, NULL, 2, '2014-09-22 08:48:21'),
('R', 2848, 0, '2014-07-27 16:00:00', 'Fonte Nova', 'ND', 19, 13, NULL, 147, 50, NULL, 2, '2014-09-22 08:48:21'),
('R', 2849, 0, '2014-07-27 16:00:00', 'Arena do Grêmio', 'ND', 12, 5, NULL, 154, 50, NULL, 2, '2014-09-22 08:48:21'),
('R', 2850, 0, '2014-07-27 16:00:00', 'Heriberto Hulse', 'ND', 6, 18, NULL, 150, 50, NULL, 2, '2014-09-22 08:48:21'),
('R', 2851, 0, '2014-07-27 16:00:00', 'Serra Dourada', 'ND', 11, 16, NULL, 153, 50, NULL, 2, '2014-09-22 08:48:21'),
('R', 2852, 0, '2014-08-03 16:00:00', 'Maracanã', 'ND', 20, 7, NULL, 157, 51, NULL, 2, '2014-09-22 08:48:21'),
('R', 2853, 0, '2014-08-03 16:00:00', 'Maracanã', 'ND', 10, 11, NULL, 162, 51, NULL, 2, '2014-09-22 08:48:21'),
('R', 2854, 0, '2014-08-03 16:00:00', 'Morumbi', 'ND', 16, 6, NULL, 165, 51, NULL, 2, '2014-09-22 08:48:21'),
('R', 2855, 0, '2014-08-03 16:00:00', 'Pacaembu', 'ND', 14, 19, NULL, 164, 51, NULL, 2, '2014-09-22 08:48:21'),
('R', 2856, 0, '2014-08-03 16:00:00', 'Couto Pereira', 'ND', 5, 4, NULL, 159, 51, NULL, 2, '2014-09-22 08:48:21'),
('R', 2857, 0, '2014-08-03 16:00:00', 'Independência', 'ND', 1, 2, NULL, 158, 51, NULL, 2, '2014-09-22 08:48:21'),
('R', 2858, 0, '2014-08-03 16:00:00', 'Manoel Barradas', 'ND', 18, 12, NULL, 166, 51, NULL, 2, '2014-09-22 08:48:21'),
('R', 2859, 0, '2014-08-03 16:00:00', 'Beira Rio', 'ND', 13, 15, NULL, 163, 51, NULL, 2, '2014-09-22 08:48:21'),
('R', 2860, 0, '2014-08-03 16:00:00', 'Orlando Scarpelli', 'ND', 8, 17, NULL, 161, 51, NULL, 2, '2014-09-22 08:48:21'),
('R', 2861, 0, '2014-08-03 16:00:00', 'Arena Condá', 'ND', 3, 9, NULL, 160, 51, NULL, 2, '2014-09-22 08:48:21'),
('R', 2862, 0, '2014-08-10 16:00:00', 'Maracanã', 'ND', 9, 17, NULL, 172, 52, NULL, 2, '2014-09-22 08:48:21'),
('R', 2863, 0, '2014-08-10 16:00:00', 'Maracanã', 'ND', 10, 5, NULL, 173, 52, NULL, 2, '2014-09-22 08:48:21'),
('R', 2864, 0, '2014-08-10 16:00:00', 'Morumbi', 'ND', 16, 18, NULL, 176, 52, NULL, 2, '2014-09-22 08:48:21'),
('R', 2865, 0, '2014-08-10 16:00:00', 'Vila Belmiro', 'ND', 15, 4, NULL, 175, 52, NULL, 2, '2014-09-22 08:48:21'),
('R', 2866, 0, '2014-08-10 16:00:00', 'A definir (*)', 'ND', 2, 20, NULL, 169, 52, NULL, 2, '2014-09-22 08:48:21'),
('R', 2867, 0, '2014-08-10 16:00:00', 'Independência', 'ND', 1, 14, NULL, 168, 52, NULL, 2, '2014-09-22 08:48:21'),
('R', 2868, 0, '2014-08-10 16:00:00', 'Fonte Nova', 'ND', 19, 11, NULL, 167, 52, NULL, 2, '2014-09-22 08:48:21'),
('R', 2869, 0, '2014-08-10 16:00:00', 'Beira Rio', 'ND', 13, 12, NULL, 174, 52, NULL, 2, '2014-09-22 08:48:21'),
('R', 2870, 0, '2014-08-10 16:00:00', 'Heriberto Hulse', 'ND', 6, 7, NULL, 171, 52, NULL, 2, '2014-09-22 08:48:21'),
('R', 2871, 0, '2014-08-10 16:00:00', 'Arena Condá', 'ND', 3, 8, NULL, 170, 52, NULL, 2, '2014-09-22 08:48:21'),
('R', 2872, 0, '2014-08-17 16:00:00', 'Maracanã', 'ND', 20, 10, NULL, 177, 53, NULL, 2, '2014-09-22 08:48:21'),
('R', 2873, 0, '2014-08-17 16:00:00', 'Ilha do Retiro', 'ND', 17, 2, NULL, 185, 53, NULL, 2, '2014-09-22 08:48:21'),
('R', 2874, 0, '2014-08-17 16:00:00', 'Arena Corinthians', 'ND', 4, 19, NULL, 179, 53, NULL, 2, '2014-09-22 08:48:21'),
('R', 2875, 0, '2014-08-17 16:00:00', 'Pacaembu', 'ND', 14, 16, NULL, 184, 53, NULL, 2, '2014-09-22 08:48:21'),
('R', 2876, 0, '2014-08-17 16:00:00', 'Couto Pereira', 'ND', 5, 9, NULL, 178, 53, NULL, 2, '2014-09-22 08:48:21'),
('R', 2877, 0, '2014-08-17 16:00:00', 'Mineirão', 'ND', 7, 15, NULL, 180, 53, NULL, 2, '2014-09-22 08:48:21'),
('R', 2878, 0, '2014-08-17 16:00:00', 'Manoel Barradas', 'ND', 18, 3, NULL, 186, 53, NULL, 2, '2014-09-22 08:48:21'),
('R', 2879, 0, '2014-08-17 16:00:00', 'Arena do Grêmio', 'ND', 12, 6, NULL, 183, 53, NULL, 2, '2014-09-22 08:48:21'),
('R', 2880, 0, '2014-08-17 16:00:00', 'Orlando Scarpelli', 'ND', 8, 1, NULL, 181, 53, NULL, 2, '2014-09-22 08:48:21'),
('R', 2881, 0, '2014-08-17 16:00:00', 'Serra Dourada', 'ND', 11, 13, NULL, 182, 53, NULL, 2, '2014-09-22 08:48:21'),
('R', 2882, 0, '2014-08-20 22:00:00', 'Maracanã', 'ND', 9, 1, NULL, 193, 54, NULL, 2, '2014-09-22 08:48:21'),
('R', 2883, 0, '2014-08-20 22:00:00', 'Ilha do Retiro', 'ND', 17, 14, NULL, 196, 54, NULL, 2, '2014-09-22 08:48:21'),
('R', 2884, 0, '2014-08-20 22:00:00', 'Arena Corinthians', 'ND', 4, 11, NULL, 190, 54, NULL, 2, '2014-09-22 08:48:21'),
('R', 2885, 0, '2014-08-20 22:00:00', 'Vila Belmiro', 'ND', 15, 2, NULL, 195, 54, NULL, 2, '2014-09-22 08:48:21'),
('R', 2886, 0, '2014-08-20 22:00:00', 'Couto Pereira', 'ND', 5, 18, NULL, 188, 54, NULL, 2, '2014-09-22 08:48:21'),
('R', 2887, 0, '2014-08-20 22:00:00', 'Mineirão', 'ND', 7, 12, NULL, 191, 54, NULL, 2, '2014-09-22 08:48:21'),
('R', 2888, 0, '2014-08-20 22:00:00', 'Fonte Nova', 'ND', 19, 6, NULL, 187, 54, NULL, 2, '2014-09-22 08:48:21'),
('R', 2889, 0, '2014-08-20 22:00:00', 'Beira Rio', 'ND', 13, 16, NULL, 194, 54, NULL, 2, '2014-09-22 08:48:21'),
('R', 2890, 0, '2014-08-20 22:00:00', 'Orlando Scarpelli', 'ND', 8, 20, NULL, 192, 54, NULL, 2, '2014-09-22 08:48:21'),
('R', 2891, 0, '2014-08-20 22:00:00', 'Arena Condá', 'ND', 3, 10, NULL, 189, 54, NULL, 2, '2014-09-22 08:48:21'),
('R', 2892, 0, '2014-08-24 16:00:00', 'Maracanã', 'ND', 20, 3, NULL, 197, 55, NULL, 2, '2014-09-22 08:48:21'),
('R', 2893, 0, '2014-08-24 16:00:00', 'Maracanã', 'ND', 10, 17, NULL, 201, 55, NULL, 2, '2014-09-22 08:48:21'),
('R', 2894, 0, '2014-08-24 16:00:00', 'Morumbi', 'ND', 16, 15, NULL, 205, 55, NULL, 2, '2014-09-22 08:48:21'),
('R', 2895, 0, '2014-08-24 16:00:00', 'Pacaembu', 'ND', 14, 5, NULL, 204, 55, NULL, 2, '2014-09-22 08:48:21'),
('R', 2896, 0, '2014-08-24 16:00:00', 'A definir (*)', 'ND', 2, 19, NULL, 199, 55, NULL, 2, '2014-09-22 08:48:21'),
('R', 2897, 0, '2014-08-24 16:00:00', 'Independência', 'ND', 1, 13, NULL, 198, 55, NULL, 2, '2014-09-22 08:48:21'),
('R', 2898, 0, '2014-08-24 16:00:00', 'Manoel Barradas', 'ND', 18, 8, NULL, 206, 55, NULL, 2, '2014-09-22 08:48:21'),
('R', 2899, 0, '2014-08-24 16:00:00', 'Arena do Grêmio', 'ND', 12, 4, NULL, 203, 55, NULL, 2, '2014-09-22 08:48:21'),
('R', 2900, 0, '2014-08-24 16:00:00', 'Heriberto Hulse', 'ND', 6, 9, NULL, 200, 55, NULL, 2, '2014-09-22 08:48:21'),
('R', 2901, 0, '2014-08-24 16:00:00', 'Serra Dourada', 'ND', 11, 7, NULL, 202, 55, NULL, 2, '2014-09-22 08:48:21'),
('R', 2902, 0, '2014-08-31 16:00:00', 'Maracanã', 'ND', 20, 15, NULL, 207, 56, NULL, 2, '2014-09-22 08:48:21'),
('R', 2903, 0, '2014-08-31 16:00:00', 'Ilha do Retiro', 'ND', 17, 6, NULL, 215, 56, NULL, 2, '2014-09-22 08:48:21'),
('R', 2904, 0, '2014-08-31 16:00:00', 'Arena Corinthians', 'ND', 4, 10, NULL, 209, 56, NULL, 2, '2014-09-22 08:48:21'),
('R', 2905, 0, '2014-08-31 16:00:00', 'Pacaembu', 'ND', 14, 13, NULL, 214, 56, NULL, 2, '2014-09-22 08:48:21'),
('R', 2906, 0, '2014-08-31 16:00:00', 'Couto Pereira', 'ND', 5, 1, NULL, 208, 56, NULL, 2, '2014-09-22 08:48:21'),
('R', 2907, 0, '2014-08-31 16:00:00', 'Mineirão', 'ND', 7, 3, NULL, 210, 56, NULL, 2, '2014-09-22 08:48:21'),
('R', 2908, 0, '2014-08-31 16:00:00', 'Manoel Barradas', 'ND', 18, 9, NULL, 216, 56, NULL, 2, '2014-09-22 08:48:21'),
('R', 2909, 0, '2014-08-31 16:00:00', 'Arena do Grêmio', 'ND', 12, 19, NULL, 213, 56, NULL, 2, '2014-09-22 08:48:21'),
('R', 2910, 0, '2014-08-31 16:00:00', 'Orlando Scarpelli', 'ND', 8, 16, NULL, 211, 56, NULL, 2, '2014-09-22 08:48:21'),
('R', 2911, 0, '2014-08-31 16:00:00', 'Serra Dourada', 'ND', 11, 2, NULL, 212, 56, NULL, 2, '2014-09-22 08:48:21'),
('R', 2912, 0, '2014-09-07 16:00:00', 'Maracanã', 'ND', 9, 12, NULL, 222, 57, NULL, 2, '2014-09-22 08:48:21'),
('R', 2913, 0, '2014-09-07 16:00:00', 'Maracanã', 'ND', 10, 7, NULL, 223, 57, NULL, 2, '2014-09-22 08:48:21'),
('R', 2914, 0, '2014-09-07 16:00:00', 'Morumbi', 'ND', 16, 17, NULL, 226, 57, NULL, 2, '2014-09-22 08:48:21'),
('R', 2915, 0, '2014-09-07 16:00:00', 'Pacaembu', 'ND', 15, 18, NULL, 225, 57, NULL, 2, '2014-09-22 08:48:21'),
('R', 2916, 0, '2014-09-07 16:00:00', 'Arena da Baixada', 'ND', 2, 14, NULL, 219, 57, NULL, 2, '2014-09-22 08:48:21'),
('R', 2917, 0, '2014-09-07 16:00:00', 'Independência', 'ND', 1, 20, NULL, 218, 57, NULL, 2, '2014-09-22 08:48:21'),
('R', 2918, 0, '2014-09-07 16:00:00', 'Fonte Nova', 'ND', 19, 5, NULL, 217, 57, NULL, 2, '2014-09-22 08:48:21'),
('R', 2919, 0, '2014-09-07 16:00:00', 'Beira Rio', 'ND', 13, 8, NULL, 224, 57, NULL, 2, '2014-09-22 08:48:21'),
('R', 2920, 0, '2014-09-07 16:00:00', 'Heriberto Hulse', 'ND', 6, 4, NULL, 221, 57, NULL, 2, '2014-09-22 08:48:21'),
('R', 2921, 0, '2014-09-07 16:00:00', 'Arena Condá', 'ND', 3, 11, NULL, 220, 57, NULL, 2, '2014-09-22 08:48:21'),
('R', 2922, 0, '2014-09-10 22:00:00', 'Maracanã', 'ND', 20, 16, NULL, 227, 58, NULL, 2, '2014-09-22 08:48:21'),
('R', 2923, 0, '2014-09-10 22:00:00', 'Ilha do Retiro', 'ND', 17, 15, NULL, 235, 58, NULL, 2, '2014-09-22 08:48:21'),
('R', 2924, 0, '2014-09-10 22:00:00', 'Arena Corinthians', 'ND', 4, 1, NULL, 229, 58, NULL, 2, '2014-09-22 08:48:21'),
('R', 2925, 0, '2014-09-10 22:00:00', 'Pacaembu', 'ND', 14, 6, NULL, 234, 58, NULL, 2, '2014-09-22 08:48:21'),
('R', 2926, 0, '2014-09-10 22:00:00', 'Couto Pereira', 'ND', 5, 3, NULL, 228, 58, NULL, 2, '2014-09-22 08:48:21'),
('R', 2927, 0, '2014-09-10 22:00:00', 'Mineirão', 'ND', 7, 19, NULL, 230, 58, NULL, 2, '2014-09-22 08:48:21'),
('R', 2928, 0, '2014-09-10 22:00:00', 'Manoel Barradas', 'ND', 18, 13, NULL, 236, 58, NULL, 2, '2014-09-22 08:48:21'),
('R', 2929, 0, '2014-09-10 22:00:00', 'Arena do Grêmio', 'ND', 12, 2, NULL, 233, 58, NULL, 2, '2014-09-22 08:48:21'),
('R', 2930, 0, '2014-09-10 22:00:00', 'Orlando Scarpelli', 'ND', 8, 10, NULL, 231, 58, NULL, 2, '2014-09-22 08:48:21'),
('R', 2931, 0, '2014-09-10 22:00:00', 'Serra Dourada', 'ND', 11, 9, NULL, 232, 58, NULL, 2, '2014-09-22 08:48:21'),
('R', 2932, 0, '2014-09-14 16:00:00', 'Maracanã', 'ND', 9, 4, NULL, 410, 59, NULL, 2, '2014-09-22 08:48:21'),
('R', 2933, 0, '2014-09-14 16:00:00', 'Maracanã', 'ND', 10, 14, NULL, 411, 59, NULL, 2, '2014-09-22 08:48:21'),
('R', 2934, 0, '2014-09-14 16:00:00', 'Morumbi', 'ND', 16, 7, NULL, 414, 59, NULL, 2, '2014-09-22 08:48:21'),
('R', 2935, 0, '2014-09-14 16:00:00', 'Vila Belmiro', 'ND', 15, 5, NULL, 413, 59, NULL, 2, '2014-09-22 08:48:21'),
('R', 2936, 0, '2014-09-14 16:00:00', 'Arena da Baixada', 'ND', 2, 18, NULL, 407, 59, NULL, 2, '2014-09-22 08:48:21'),
('R', 2937, 0, '2014-09-14 16:00:00', 'Independência', 'ND', 1, 12, NULL, 406, 59, NULL, 2, '2014-09-22 08:48:21'),
('R', 2938, 0, '2014-09-14 16:00:00', 'Fonte Nova', 'ND', 19, 8, NULL, 405, 59, NULL, 2, '2014-09-22 08:48:21'),
('R', 2939, 0, '2014-09-14 16:00:00', 'Beira Rio', 'ND', 13, 20, NULL, 412, 59, NULL, 2, '2014-09-22 08:48:21'),
('R', 2940, 0, '2014-09-14 16:00:00', 'Heriberto Hulse', 'ND', 6, 11, NULL, 409, 59, NULL, 2, '2014-09-22 08:48:21'),
('R', 2941, 0, '2014-09-14 16:00:00', 'Arena Condá', 'ND', 3, 17, NULL, 408, 59, NULL, 2, '2014-09-22 08:48:21'),
('R', 2942, 0, '2014-09-17 22:00:00', 'Maracanã', 'ND', 20, 19, NULL, 420, 60, NULL, 2, '2014-09-22 08:48:22'),
('R', 2943, 0, '2014-09-17 21:00:00', 'Ilha do Retiro', 'ND', 17, 13, NULL, 418, 60, NULL, 2, '2014-09-22 08:48:22'),
('R', 2944, 0, '2014-09-18 19:30:00', 'Arena Corinthians', 'ND', 4, 3, NULL, 441, 60, NULL, 2, '2014-09-22 08:48:22'),
('R', 2945, 0, '2014-09-17 22:00:00', 'Pacaembu', 'ND', 14, 9, NULL, 421, 60, NULL, 2, '2014-09-22 08:48:22'),
('R', 2946, 0, '2014-09-17 22:00:00', 'Couto Pereira', 'ND', 5, 16, NULL, 419, 60, NULL, 2, '2014-09-22 08:48:22'),
('R', 2947, 0, '2014-09-17 19:30:00', 'Mineirão', 'ND', 7, 2, NULL, 415, 60, NULL, 2, '2014-09-22 08:48:22'),
('R', 2948, 0, '2014-09-17 19:30:00', 'Manoel Barradas', 'ND', 18, 10, NULL, 416, 60, NULL, 2, '2014-09-22 08:48:22'),
('R', 2949, 0, '2014-09-18 20:30:00', 'Arena do Grêmio', 'ND', 12, 15, NULL, 443, 60, NULL, 2, '2014-09-22 08:48:22'),
('R', 2950, 0, '2014-09-17 21:00:00', 'Orlando Scarpelli', 'ND', 8, 6, NULL, 417, 60, NULL, 2, '2014-09-22 08:48:22'),
('R', 2951, 0, '2014-09-18 19:30:00', 'Serra Dourada', 'ND', 11, 1, NULL, 442, 60, NULL, 2, '2014-09-22 08:48:22'),
('R', 2952, 0, '2014-09-21 16:00:00', 'Maracanã', 'ND', 9, 10, NULL, 537, 61, NULL, 2, '2014-09-22 08:48:22'),
('R', 2953, 0, '2014-09-21 16:00:00', 'Ilha do Retiro', 'ND', 17, 5, NULL, 538, 61, NULL, 2, '2014-09-22 08:48:22'),
('R', 2954, 0, '2014-09-21 16:00:00', 'Arena Corinthians', 'ND', 4, 16, NULL, 535, 61, NULL, 2, '2014-09-22 08:48:22'),
('R', 2955, 0, '2014-09-21 18:30:00', 'Vila Belmiro', 'ND', 15, 8, NULL, 542, 61, NULL, 2, '2014-09-22 08:48:22'),
('R', 2956, 0, '2014-09-20 18:30:00', 'Arena da Baixada', 'ND', 2, 13, NULL, 533, 61, NULL, 2, '2014-09-22 08:48:22'),
('R', 2957, 0, '2014-09-21 16:00:00', 'Mineirão', 'ND', 7, 1, NULL, 536, 61, NULL, 2, '2014-09-22 08:48:22'),
('R', 2958, 0, '2014-09-21 16:00:00', 'Manoel Barradas', 'ND', 18, 19, NULL, 539, 61, NULL, 2, '2014-09-22 08:48:22'),
('R', 2959, 0, '2014-09-21 18:30:00', 'Arena do Grêmio', 'ND', 12, 3, NULL, 541, 61, NULL, 2, '2014-09-22 08:48:22'),
('R', 2960, 0, '2014-09-20 21:00:00', 'Heriberto Hulse', 'ND', 6, 20, NULL, 534, 61, NULL, 2, '2014-09-22 08:48:22'),
('R', 2961, 0, '2014-09-21 18:30:00', 'Serra Dourada', 'ND', 11, 14, NULL, 540, 61, NULL, 2, '2014-09-22 08:48:22'),
('R', 2962, 0, '2014-09-25 19:30:00', 'Maracanã', 'ND', 20, 11, NULL, 710, 62, NULL, 2, '2014-09-26 02:00:00'),
('R', 2963, 0, '2014-09-24 22:00:00', 'Maracanã', 'ND', 10, 12, NULL, 688, 62, NULL, 2, '2014-09-25 02:00:00'),
('R', 2964, 0, '2014-09-24 22:00:00', 'Morumbi', 'ND', 16, 9, NULL, 689, 62, NULL, 2, '2014-09-25 02:00:00'),
('R', 2965, 0, '2014-09-25 19:30:00', 'Pacaembu', 'ND', 14, 18, NULL, 711, 62, NULL, 2, '2014-09-26 02:00:00'),
('R', 2966, 0, '2014-09-24 19:30:00', 'Couto Pereira', 'ND', 5, 7, NULL, 683, 62, NULL, 2, '2014-09-25 02:00:00'),
('R', 2967, 0, '2014-09-25 20:30:00', 'Independência', 'ND', 1, 15, NULL, 712, 62, NULL, 2, '2014-09-26 02:00:00'),
('R', 2968, 0, '2014-09-24 21:00:00', 'Fonte Nova', 'ND', 19, 17, NULL, 685, 62, NULL, 2, '2014-09-25 02:00:00'),
('R', 2969, 0, '2014-09-24 19:30:00', 'Beira Rio', 'ND', 13, 6, NULL, 684, 62, NULL, 2, '2014-09-25 02:00:00'),
('R', 2970, 0, '2014-09-24 22:00:00', 'Orlando Scarpelli', 'ND', 8, 4, NULL, 687, 62, NULL, 2, '2014-09-25 02:00:00'),
('R', 2971, 0, '2014-09-24 21:00:00', 'Arena Condá', 'ND', 3, 2, NULL, 686, 62, NULL, 2, '2014-09-25 02:00:00'),
('R', 2972, 0, '2014-09-28 16:00:00', 'Maracanã', 'ND', 20, 12, NULL, 826, 63, NULL, 2, '2014-09-29 02:00:00'),
('R', 2973, 0, '2014-09-27 18:30:00', 'Ilha do Retiro', 'ND', 17, 7, NULL, 824, 63, NULL, 2, '2014-09-28 02:00:00'),
('R', 2974, 0, '2014-09-27 21:00:00', 'Morumbi', 'ND', 16, 10, NULL, 825, 63, NULL, 2, '2014-09-28 02:00:00'),
('R', 2975, 0, '2014-09-28 18:30:00', 'Pacaembu', 'ND', 15, 11, NULL, 830, 63, NULL, 2, '2014-09-29 02:00:00'),
('R', 2976, 0, '2014-09-28 16:00:00', 'Arena da Baixada', 'ND', 2, 4, NULL, 828, 63, NULL, 2, '2014-09-29 02:00:00'),
('R', 2977, 0, '2014-09-28 16:00:00', 'Independência', 'ND', 1, 18, NULL, 829, 63, NULL, 2, '2014-09-29 02:00:00'),
('R', 2978, 0, '2014-09-28 16:00:00', 'Fonte Nova', 'ND', 19, 9, NULL, 827, 63, NULL, 2, '2014-09-29 02:00:00'),
('R', 2979, 0, '2014-09-28 18:30:00', 'Beira Rio', 'ND', 13, 5, NULL, 832, 63, NULL, 2, '2014-09-29 02:00:00'),
('R', 2980, 0, '2014-09-28 18:30:00', 'Orlando Scarpelli', 'ND', 8, 14, NULL, 831, 63, NULL, 2, '2014-09-29 02:00:00'),
('R', 2981, 0, '2014-09-27 18:30:00', 'Arena Condá', 'ND', 3, 6, NULL, 823, 63, NULL, 2, '2014-09-28 02:00:00'),
('R', 2982, 0, '2014-10-04 16:20:00', 'Maracanã', 'ND', 9, 15, NULL, 982, 64, NULL, 2, '2014-10-06 02:00:00'),
('R', 2983, 0, '2014-10-04 16:20:00', 'Mané Garrincha', 'ND', 10, 19, NULL, 983, 64, NULL, 2, '2014-10-06 02:00:00'),
('R', 2984, 0, '2014-10-04 18:30:00', 'Arena Corinthians', 'ND', 4, 17, NULL, 987, 64, NULL, 2, '2014-10-06 02:00:00'),
('R', 2985, 0, '2014-10-02 19:30:00', 'Pacaembu', 'ND', 14, 3, NULL, 953, 64, NULL, 2, '2014-10-03 02:00:00'),
('R', 2986, 0, '2014-10-04 16:20:00', 'Couto Pereira', 'ND', 5, 2, NULL, 984, 64, NULL, 2, '2014-10-06 02:00:00'),
('R', 2987, 0, '2014-10-04 18:30:00', 'Mineirão', 'ND', 7, 13, NULL, 985, 64, NULL, 2, '2014-10-06 02:00:00'),
('R', 2988, 0, '2014-10-04 16:20:00', 'Manoel Barradas', 'ND', 18, 20, NULL, 986, 64, NULL, 2, '2014-10-06 02:00:00'),
('R', 2989, 0, '2014-10-04 16:20:00', 'Arena do Grêmio', 'ND', 12, 16, NULL, 981, 64, NULL, 2, '2014-10-06 02:00:00'),
('R', 2990, 0, '2014-10-04 18:30:00', 'Heriberto Hulse', 'ND', 6, 1, NULL, 989, 64, NULL, 2, '2014-10-06 02:00:00'),
('R', 2991, 0, '2014-10-04 18:30:00', 'Serra Dourada', 'ND', 11, 8, NULL, 988, 64, NULL, 2, '2014-10-06 02:00:00'),
('R', 2992, 0, '2014-10-08 19:30:00', 'Maracanã', 'ND', 20, 14, NULL, 1181, 65, NULL, 2, '2014-10-09 02:00:00'),
('R', 2993, 0, '2014-10-09 19:30:00', 'Maracanã', 'ND', 10, 1, NULL, 1208, 65, NULL, 2, NULL),
('R', 2994, 0, '2014-10-08 19:30:00', 'Morumbi', 'ND', 16, 2, NULL, 1180, 65, NULL, 2, '2014-10-09 02:00:00'),
('R', 2995, 0, '2014-10-09 19:30:00', 'Vila Belmiro', 'ND', 15, 19, NULL, 1209, 65, NULL, 2, NULL),
('R', 2996, 0, '2014-10-08 19:30:00', 'Couto Pereira', 'ND', 5, 6, NULL, 1182, 65, NULL, 2, '2014-10-09 02:00:00'),
('R', 2997, 0, '2014-10-08 22:00:00', 'Mineirão', 'ND', 7, 4, NULL, 1183, 65, NULL, 2, '2014-10-09 02:00:00'),
('R', 2998, 0, '2014-10-08 21:00:00', 'Manoel Barradas', 'ND', 18, 11, NULL, 1186, 65, NULL, 2, '2014-10-09 02:00:00'),
('R', 2999, 0, '2014-10-08 22:00:00', 'Arena do Grêmio', 'ND', 12, 17, NULL, 1184, 65, NULL, 2, '2014-10-09 02:00:00'),
('R', 3000, 0, '2014-10-08 22:00:00', 'Orlando Scarpelli', 'ND', 8, 9, NULL, 1185, 65, NULL, 2, '2014-10-09 02:00:00'),
('R', 3001, 0, '2014-10-09 20:30:00', 'Arena Condá', 'ND', 3, 13, NULL, 1207, 65, NULL, 2, NULL),
('R', 3002, 0, '2014-10-12 16:00:00', 'Maracanã', 'ND', 9, 7, NULL, NULL, 66, NULL, 2, NULL),
('R', 3003, 0, '2014-10-12 16:00:00', 'Ilha do Retiro', 'ND', 17, 18, NULL, NULL, 66, NULL, 2, NULL),
('R', 3004, 0, '2014-10-12 16:00:00', 'Arena Corinthians', 'ND', 4, 20, NULL, NULL, 66, NULL, 2, NULL),
('R', 3005, 0, '2014-10-12 16:00:00', 'Pacaembu', 'ND', 14, 12, NULL, NULL, 66, NULL, 2, NULL),
('R', 3006, 0, '2014-10-12 16:00:00', 'Arena da Baixada', 'ND', 2, 8, NULL, NULL, 66, NULL, 2, NULL),
('R', 3007, 0, '2014-10-12 16:00:00', 'Independência', 'ND', 1, 16, NULL, NULL, 66, NULL, 2, NULL),
('R', 3008, 0, '2014-10-12 16:00:00', 'Fonte Nova', 'ND', 19, 3, NULL, NULL, 66, NULL, 2, NULL),
('R', 3009, 0, '2014-10-12 16:00:00', 'Beira Rio', 'ND', 13, 10, NULL, NULL, 66, NULL, 2, NULL),
('R', 3010, 0, '2014-10-12 16:00:00', 'Heriberto Hulse', 'ND', 6, 15, NULL, NULL, 66, NULL, 2, NULL),
('R', 3011, 0, '2014-10-12 16:00:00', 'Serra Dourada', 'ND', 11, 5, NULL, NULL, 66, NULL, 2, NULL),
('R', 3012, 0, '2014-10-19 16:00:00', 'Maracanã', 'ND', 20, 17, NULL, NULL, 67, NULL, 2, NULL),
('R', 3013, 0, '2014-10-19 16:00:00', 'Maracanã', 'ND', 10, 6, NULL, NULL, 67, NULL, 2, NULL),
('R', 3014, 0, '2014-10-19 16:00:00', 'Morumbi', 'ND', 16, 19, NULL, NULL, 67, NULL, 2, NULL),
('R', 3015, 0, '2014-10-19 16:00:00', 'Pacaembu', 'ND', 14, 15, NULL, NULL, 67, NULL, 2, NULL),
('R', 3016, 0, '2014-10-19 16:00:00', 'Arena da Baixada', 'ND', 2, 9, NULL, NULL, 67, NULL, 2, NULL),
('R', 3017, 0, '2014-10-19 16:00:00', 'Independência', 'ND', 1, 3, NULL, NULL, 67, NULL, 2, NULL),
('R', 3018, 0, '2014-10-19 16:00:00', 'Manoel Barradas', 'ND', 18, 7, NULL, NULL, 67, NULL, 2, NULL),
('R', 3019, 0, '2014-10-19 16:00:00', 'Beira Rio', 'ND', 13, 4, NULL, NULL, 67, NULL, 2, NULL),
('R', 3020, 0, '2014-10-19 16:00:00', 'Orlando Scarpelli', 'ND', 8, 5, NULL, NULL, 67, NULL, 2, NULL),
('R', 3021, 0, '2014-10-19 16:00:00', 'Serra Dourada', 'ND', 11, 12, NULL, NULL, 67, NULL, 2, NULL),
('R', 3022, 0, '2014-10-22 22:00:00', 'Maracanã', 'ND', 9, 13, NULL, NULL, 68, NULL, 2, NULL),
('R', 3023, 0, '2014-10-22 22:00:00', 'Ilha do Retiro', 'ND', 17, 11, NULL, NULL, 68, NULL, 2, NULL),
('R', 3024, 0, '2014-10-22 22:00:00', 'Arena Corinthians', 'ND', 4, 18, NULL, NULL, 68, NULL, 2, NULL),
('R', 3025, 0, '2014-10-22 22:00:00', 'Pacaembu', 'ND', 15, 10, NULL, NULL, 68, NULL, 2, NULL),
('R', 3026, 0, '2014-10-22 22:00:00', 'Couto Pereira', 'ND', 5, 20, NULL, NULL, 68, NULL, 2, NULL),
('R', 3027, 0, '2014-10-22 22:00:00', 'Mineirão', 'ND', 7, 14, NULL, NULL, 68, NULL, 2, NULL),
('R', 3028, 0, '2014-10-22 22:00:00', 'Fonte Nova', 'ND', 19, 1, NULL, NULL, 68, NULL, 2, NULL),
('R', 3029, 0, '2014-10-22 22:00:00', 'Arena do Grêmio', 'ND', 12, 8, NULL, NULL, 68, NULL, 2, NULL),
('R', 3030, 0, '2014-10-22 22:00:00', 'Heriberto Hulse', 'ND', 6, 2, NULL, NULL, 68, NULL, 2, NULL),
('R', 3031, 0, '2014-10-22 22:00:00', 'Arena Condá', 'ND', 3, 16, NULL, NULL, 68, NULL, 2, NULL),
('R', 3032, 0, '2014-10-25 18:30:00', 'Maracanã', 'ND', 20, 9, NULL, NULL, 69, NULL, 2, NULL),
('R', 3033, 0, '2014-10-25 18:30:00', 'Maracanã', 'ND', 10, 2, NULL, NULL, 69, NULL, 2, NULL),
('R', 3034, 0, '2014-10-25 18:30:00', 'Morumbi', 'ND', 16, 11, NULL, NULL, 69, NULL, 2, NULL),
('R', 3035, 0, '2014-10-25 18:30:00', 'Pacaembu', 'ND', 14, 4, NULL, NULL, 69, NULL, 2, NULL),
('R', 3036, 0, '2014-10-25 18:30:00', 'Couto Pereira', 'ND', 5, 12, NULL, NULL, 69, NULL, 2, NULL),
('R', 3037, 0, '2014-10-25 18:30:00', 'Independência', 'ND', 1, 17, NULL, NULL, 69, NULL, 2, NULL),
('R', 3038, 0, '2014-10-25 18:30:00', 'Manoel Barradas', 'ND', 18, 6, NULL, NULL, 69, NULL, 2, NULL),
('R', 3039, 0, '2014-10-25 18:30:00', 'Beira Rio', 'ND', 13, 19, NULL, NULL, 69, NULL, 2, NULL),
('R', 3040, 0, '2014-10-25 18:30:00', 'Orlando Scarpelli', 'ND', 8, 7, NULL, NULL, 69, NULL, 2, NULL),
('R', 3041, 0, '2014-10-25 18:30:00', 'Arena Condá', 'ND', 3, 15, NULL, NULL, 69, NULL, 2, NULL),
('R', 3042, 0, '2014-11-02 16:00:00', 'Maracanã', 'ND', 9, 3, NULL, NULL, 70, NULL, 2, NULL),
('R', 3043, 0, '2014-11-02 16:00:00', 'Ilha do Retiro', 'ND', 17, 8, NULL, NULL, 70, NULL, 2, NULL),
('R', 3044, 0, '2014-11-02 16:00:00', 'Arena Corinthians', 'ND', 4, 5, NULL, NULL, 70, NULL, 2, NULL),
('R', 3045, 0, '2014-11-02 16:00:00', 'Vila Belmiro', 'ND', 15, 13, NULL, NULL, 70, NULL, 2, NULL),
('R', 3046, 0, '2014-11-02 16:00:00', 'Arena da Baixada', 'ND', 2, 1, NULL, NULL, 70, NULL, 2, NULL),
('R', 3047, 0, '2014-11-02 16:00:00', 'Mineirão', 'ND', 7, 20, NULL, NULL, 70, NULL, 2, NULL),
('R', 3048, 0, '2014-11-02 16:00:00', 'Fonte Nova', 'ND', 19, 14, NULL, NULL, 70, NULL, 2, NULL),
('R', 3049, 0, '2014-11-02 16:00:00', 'Arena do Grêmio', 'ND', 12, 18, NULL, NULL, 70, NULL, 2, NULL),
('R', 3050, 0, '2014-11-02 16:00:00', 'Heriberto Hulse', 'ND', 6, 16, NULL, NULL, 70, NULL, 2, NULL),
('R', 3051, 0, '2014-11-02 16:00:00', 'Serra Dourada', 'ND', 11, 10, NULL, NULL, 70, NULL, 2, NULL),
('R', 3052, 0, '2014-11-09 16:00:00', 'Maracanã', 'ND', 20, 2, NULL, NULL, 71, NULL, 2, NULL),
('R', 3053, 0, '2014-11-09 16:00:00', 'Ilha do Retiro', 'ND', 17, 9, NULL, NULL, 71, NULL, 2, NULL),
('R', 3054, 0, '2014-11-09 16:00:00', 'Arena Corinthians', 'ND', 4, 15, NULL, NULL, 71, NULL, 2, NULL),
('R', 3055, 0, '2014-11-09 16:00:00', 'Pacaembu', 'ND', 14, 1, NULL, NULL, 71, NULL, 2, NULL),
('R', 3056, 0, '2014-11-09 16:00:00', 'Couto Pereira', 'ND', 5, 10, NULL, NULL, 71, NULL, 2, NULL),
('R', 3057, 0, '2014-11-09 16:00:00', 'Mineirão', 'ND', 7, 6, NULL, NULL, 71, NULL, 2, NULL),
('R', 3058, 0, '2014-11-09 16:00:00', 'Manoel Barradas', 'ND', 18, 16, NULL, NULL, 71, NULL, 2, NULL),
('R', 3059, 0, '2014-11-09 16:00:00', 'Arena do Grêmio', 'ND', 12, 13, NULL, NULL, 71, NULL, 2, NULL),
('R', 3060, 0, '2014-11-09 16:00:00', 'Orlando Scarpelli', 'ND', 8, 3, NULL, NULL, 71, NULL, 2, NULL),
('R', 3061, 0, '2014-11-09 16:00:00', 'Serra Dourada', 'ND', 11, 19, NULL, NULL, 71, NULL, 2, NULL),
('R', 3062, 0, '2014-11-16 16:00:00', 'Maracanã', 'ND', 9, 5, NULL, NULL, 72, NULL, 2, NULL),
('R', 3063, 0, '2014-11-16 16:00:00', 'Maracanã', 'ND', 10, 20, NULL, NULL, 72, NULL, 2, NULL),
('R', 3064, 0, '2014-11-16 16:00:00', 'Morumbi', 'ND', 16, 14, NULL, NULL, 72, NULL, 2, NULL),
('R', 3065, 0, '2014-11-16 16:00:00', 'Pacaembu', 'ND', 15, 7, NULL, NULL, 72, NULL, 2, NULL),
('R', 3066, 0, '2014-11-16 16:00:00', 'Arena da Baixada', 'ND', 2, 17, NULL, NULL, 72, NULL, 2, NULL),
('R', 3067, 0, '2014-11-16 16:00:00', 'Independência', 'ND', 1, 8, NULL, NULL, 72, NULL, 2, NULL),
('R', 3068, 0, '2014-11-16 16:00:00', 'Fonte Nova', 'ND', 19, 4, NULL, NULL, 72, NULL, 2, NULL),
('R', 3069, 0, '2014-11-16 16:00:00', 'Beira Rio', 'ND', 13, 11, NULL, NULL, 72, NULL, 2, NULL),
('R', 3070, 0, '2014-11-16 16:00:00', 'Heriberto Hulse', 'ND', 6, 12, NULL, NULL, 72, NULL, 2, NULL),
('R', 3071, 0, '2014-11-16 16:00:00', 'Arena Condá', 'ND', 3, 18, NULL, NULL, 72, NULL, 2, NULL),
('R', 3072, 0, '2014-11-19 22:00:00', 'Maracanã', 'ND', 20, 8, NULL, NULL, 73, NULL, 2, NULL),
('R', 3073, 0, '2014-11-19 22:00:00', 'Maracanã', 'ND', 10, 3, NULL, NULL, 73, NULL, 2, NULL),
('R', 3074, 0, '2014-11-19 22:00:00', 'Morumbi', 'ND', 16, 13, NULL, NULL, 73, NULL, 2, NULL),
('R', 3075, 0, '2014-11-19 22:00:00', 'Pacaembu', 'ND', 14, 17, NULL, NULL, 73, NULL, 2, NULL),
('R', 3076, 0, '2014-11-19 22:00:00', 'Arena da Baixada', 'ND', 2, 15, NULL, NULL, 73, NULL, 2, NULL),
('R', 3077, 0, '2014-11-19 22:00:00', 'Independência', 'ND', 1, 9, NULL, NULL, 73, NULL, 2, NULL),
('R', 3078, 0, '2014-11-19 22:00:00', 'Manoel Barradas', 'ND', 18, 5, NULL, NULL, 73, NULL, 2, NULL),
('R', 3079, 0, '2014-11-19 22:00:00', 'Arena do Grêmio', 'ND', 12, 7, NULL, NULL, 73, NULL, 2, NULL),
('R', 3080, 0, '2014-11-19 22:00:00', 'Heriberto Hulse', 'ND', 6, 19, NULL, NULL, 73, NULL, 2, NULL),
('R', 3081, 0, '2014-11-19 22:00:00', 'Serra Dourada', 'ND', 11, 4, NULL, NULL, 73, NULL, 2, NULL),
('R', 3082, 0, '2014-11-23 16:00:00', 'Maracanã', 'ND', 9, 6, NULL, NULL, 74, NULL, 2, NULL),
('R', 3083, 0, '2014-11-23 16:00:00', 'Ilha do Retiro', 'ND', 17, 10, NULL, NULL, 74, NULL, 2, NULL),
('R', 3084, 0, '2014-11-23 16:00:00', 'Arena Corinthians', 'ND', 4, 12, NULL, NULL, 74, NULL, 2, NULL),
('R', 3085, 0, '2014-11-23 16:00:00', 'Vila Belmiro', 'ND', 15, 16, NULL, NULL, 74, NULL, 2, NULL),
('R', 3086, 0, '2014-11-23 16:00:00', 'Couto Pereira', 'ND', 5, 14, NULL, NULL, 74, NULL, 2, NULL),
('R', 3087, 0, '2014-11-23 16:00:00', 'Mineirão', 'ND', 7, 11, NULL, NULL, 74, NULL, 2, NULL),
('R', 3088, 0, '2014-11-23 16:00:00', 'Fonte Nova', 'ND', 19, 2, NULL, NULL, 74, NULL, 2, NULL),
('R', 3089, 0, '2014-11-23 16:00:00', 'Beira Rio', 'ND', 13, 1, NULL, NULL, 74, NULL, 2, NULL),
('R', 3090, 0, '2014-11-23 16:00:00', 'Orlando Scarpelli', 'ND', 8, 18, NULL, NULL, 74, NULL, 2, NULL),
('R', 3091, 0, '2014-11-23 16:00:00', 'Arena Condá', 'ND', 3, 20, NULL, NULL, 74, NULL, 2, NULL),
('R', 3092, 0, '2014-11-30 16:00:00', 'Maracanã', 'ND', 9, 18, NULL, NULL, 75, NULL, 2, NULL),
('R', 3093, 0, '2014-11-30 16:00:00', 'Maracanã', 'ND', 10, 4, NULL, NULL, 75, NULL, 2, NULL),
('R', 3094, 0, '2014-11-30 16:00:00', 'Morumbi', 'ND', 16, 8, NULL, NULL, 75, NULL, 2, NULL),
('R', 3095, 0, '2014-11-30 16:00:00', 'Vila Belmiro', 'ND', 15, 20, NULL, NULL, 75, NULL, 2, NULL),
('R', 3096, 0, '2014-11-30 16:00:00', 'Arena da Baixada', 'ND', 2, 11, NULL, NULL, 75, NULL, 2, NULL),
('R', 3097, 0, '2014-11-30 16:00:00', 'Independência', 'ND', 1, 5, NULL, NULL, 75, NULL, 2, NULL),
('R', 3098, 0, '2014-11-30 16:00:00', 'Fonte Nova', 'ND', 19, 12, NULL, NULL, 75, NULL, 2, NULL),
('R', 3099, 0, '2014-11-30 16:00:00', 'Beira Rio', 'ND', 13, 14, NULL, NULL, 75, NULL, 2, NULL),
('R', 3100, 0, '2014-11-30 16:00:00', 'Heriberto Hulse', 'ND', 6, 17, NULL, NULL, 75, NULL, 2, NULL),
('R', 3101, 0, '2014-11-30 16:00:00', 'Arena Condá', 'ND', 3, 7, NULL, NULL, 75, NULL, 2, NULL),
('R', 3102, 0, '2014-12-07 16:00:00', 'Maracanã', 'ND', 20, 1, NULL, NULL, 76, NULL, 2, NULL),
('R', 3103, 0, '2014-12-07 16:00:00', 'Ilha do Retiro', 'ND', 17, 16, NULL, NULL, 76, NULL, 2, NULL),
('R', 3104, 0, '2014-12-07 16:00:00', 'Arena Corinthians', 'ND', 4, 6, NULL, NULL, 76, NULL, 2, NULL),
('R', 3105, 0, '2014-12-07 16:00:00', 'Pacaembu', 'ND', 14, 2, NULL, NULL, 76, NULL, 2, NULL),
('R', 3106, 0, '2014-12-07 16:00:00', 'Couto Pereira', 'ND', 5, 19, NULL, NULL, 76, NULL, 2, NULL),
('R', 3107, 0, '2014-12-07 16:00:00', 'Mineirão', 'ND', 7, 10, NULL, NULL, 76, NULL, 2, NULL),
('R', 3108, 0, '2014-12-07 16:00:00', 'Manoel Barradas', 'ND', 18, 15, NULL, NULL, 76, NULL, 2, NULL),
('R', 3109, 0, '2014-12-07 16:00:00', 'Arena do Grêmio', 'ND', 12, 9, NULL, NULL, 76, NULL, 2, NULL),
('R', 3110, 0, '2014-12-07 16:00:00', 'Orlando Scarpelli', 'ND', 8, 13, NULL, NULL, 76, NULL, 2, NULL),
('R', 3111, 0, '2014-12-07 16:00:00', 'Serra Dourada', 'ND', 11, 3, NULL, NULL, 76, NULL, 2, NULL);

--
-- Dumping data for table tb_palpite
--

INSERT INTO tb_palpite (ID_PALPITE, IN_COMPUTADO, DH_PALPITE, NU_PONTOS, ID_APOSTADOR, ID_PLACAR, ID_PARTIDA, DH_COMPUTADO) VALUES
(1, 0, '2014-09-16 11:53:48', 0, 8, 255, 2951, NULL),
(2, 0, '2014-09-16 11:53:49', 5, 8, 256, 2950, NULL),
(3, 0, '2014-09-16 11:53:51', 1, 8, 257, 2949, NULL),
(4, 0, '2014-09-16 11:53:51', 0, 8, 258, 2948, NULL),
(5, 0, '2014-09-16 11:53:53', 2, 8, 259, 2947, NULL),
(6, 0, '2014-09-16 11:53:54', 0, 8, 260, 2946, NULL),
(7, 0, '2014-09-16 11:53:54', 0, 8, 261, 2945, NULL),
(8, 0, '2014-09-16 11:53:56', 0, 8, 262, 2944, NULL),
(9, 0, '2014-09-16 11:53:57', 0, 8, 263, 2943, NULL),
(10, 0, '2014-09-16 11:53:58', 0, 8, 264, 2942, NULL),
(11, 0, '2014-09-16 11:54:56', 1, 10, 265, 2942, NULL),
(12, 0, '2014-09-16 11:54:59', 0, 10, 266, 2943, NULL),
(13, 0, '2014-09-16 11:55:01', 1, 10, 267, 2944, NULL),
(14, 0, '2014-09-16 11:55:03', 0, 10, 268, 2945, NULL),
(15, 0, '2014-09-16 11:55:06', 0, 10, 269, 2946, NULL),
(16, 0, '2014-09-16 11:55:10', 3, 10, 270, 2947, NULL),
(17, 0, '2014-09-16 11:55:12', 1, 10, 271, 2948, NULL),
(18, 0, '2014-09-16 11:55:14', 0, 10, 272, 2949, NULL),
(19, 0, '2014-09-16 11:55:16', 5, 10, 273, 2950, NULL),
(20, 0, '2014-09-16 11:55:17', 2, 10, 274, 2951, NULL),
(21, 0, '2014-09-17 19:31:39', 1, 4, 275, 2942, NULL),
(22, 0, '2014-09-16 12:03:46', 0, 4, 276, 2943, NULL),
(23, 0, '2014-09-16 12:03:54', 0, 4, 277, 2944, NULL),
(24, 0, '2014-09-16 12:04:03', 5, 4, 278, 2945, NULL),
(25, 0, '2014-09-16 12:04:13', 0, 4, 279, 2946, NULL),
(26, 0, '2014-09-17 17:58:40', 3, 4, 280, 2947, NULL),
(27, 0, '2014-09-16 12:04:43', 0, 4, 281, 2948, NULL),
(28, 0, '2014-09-16 12:04:58', 2, 4, 282, 2949, NULL),
(29, 0, '2014-09-16 12:05:07', 1, 4, 283, 2950, NULL),
(30, 0, '2014-09-16 12:05:20', 2, 4, 284, 2951, NULL),
(31, 0, '2014-09-16 15:06:15', 0, 11, 285, 2942, NULL),
(32, 0, '2014-09-16 16:12:37', 3, 9, 286, 2951, NULL),
(33, 0, '2014-09-16 16:13:51', 2, 9, 287, 2942, NULL),
(34, 0, '2014-09-16 16:14:03', 2, 9, 288, 2943, NULL),
(35, 0, '2014-09-16 16:14:12', 1, 9, 289, 2944, NULL),
(36, 0, '2014-09-16 16:14:19', 1, 9, 290, 2945, NULL),
(37, 0, '2014-09-16 16:14:26', 0, 9, 291, 2946, NULL),
(38, 0, '2014-09-16 16:14:34', 0, 9, 292, 2947, NULL),
(39, 0, '2014-09-16 16:14:42', 0, 9, 293, 2948, NULL),
(40, 0, '2014-09-16 16:14:54', 0, 9, 294, 2950, NULL),
(41, 0, '2014-09-16 16:15:21', 1, 9, 295, 2949, NULL),
(42, 0, '2014-09-17 08:41:21', 1, 14, 296, 2942, NULL),
(43, 0, '2014-09-17 08:41:23', 1, 14, 297, 2943, NULL),
(44, 0, '2014-09-17 08:41:25', 1, 14, 298, 2944, NULL),
(45, 0, '2014-09-17 08:41:26', 2, 14, 299, 2945, NULL),
(46, 0, '2014-09-17 08:41:28', 1, 14, 300, 2946, NULL),
(47, 0, '2014-09-17 08:41:31', 5, 14, 301, 2947, NULL),
(48, 0, '2014-09-17 08:41:33', 0, 14, 302, 2948, NULL),
(49, 0, '2014-09-17 08:41:35', 2, 14, 303, 2949, NULL),
(50, 0, '2014-09-17 08:41:36', 1, 14, 304, 2950, NULL),
(51, 0, '2014-09-17 08:41:40', 2, 14, 305, 2951, NULL),
(52, 0, '2014-09-17 09:51:45', 0, 17, 306, 2942, NULL),
(53, 0, '2014-09-17 09:51:48', 0, 17, 307, 2943, NULL),
(54, 0, '2014-09-17 09:51:49', 1, 17, 308, 2944, NULL),
(55, 0, '2014-09-17 09:51:52', 2, 17, 309, 2945, NULL),
(56, 0, '2014-09-17 09:51:59', 2, 17, 310, 2946, NULL),
(57, 0, '2014-09-17 09:52:06', 0, 17, 311, 2947, NULL),
(58, 0, '2014-09-17 09:52:09', 0, 17, 312, 2948, NULL),
(59, 0, '2014-09-17 09:52:13', 1, 17, 313, 2949, NULL),
(60, 0, '2014-09-17 09:52:18', 0, 17, 314, 2950, NULL),
(61, 0, '2014-09-17 09:52:20', 0, 17, 315, 2951, NULL),
(62, 0, '2014-09-17 10:36:04', 2, 7, 316, 2951, NULL),
(63, 0, '2014-09-17 10:36:06', 2, 7, 317, 2950, NULL),
(64, 0, '2014-09-18 08:47:37', 2, 7, 318, 2949, NULL),
(65, 0, '2014-09-17 10:36:08', 0, 7, 319, 2948, NULL),
(66, 0, '2014-09-17 10:36:15', 3, 7, 320, 2947, NULL),
(67, 0, '2014-09-17 10:36:19', 0, 7, 321, 2946, NULL),
(68, 0, '2014-09-17 10:36:25', 2, 7, 322, 2945, NULL),
(69, 0, '2014-09-18 08:45:44', 1, 7, 323, 2944, NULL),
(70, 0, '2014-09-17 10:36:30', 2, 7, 324, 2943, NULL),
(71, 0, '2014-09-17 10:36:34', 1, 7, 325, 2942, NULL),
(72, 0, '2014-09-17 13:35:12', 0, 12, 326, 2942, NULL),
(73, 0, '2014-09-17 13:35:14', 2, 12, 327, 2943, NULL),
(74, 0, '2014-09-17 13:35:31', 1, 12, 328, 2944, NULL),
(75, 0, '2014-09-17 13:35:33', 2, 12, 329, 2945, NULL),
(76, 0, '2014-09-17 13:35:34', 0, 12, 330, 2946, NULL),
(77, 0, '2014-09-17 13:35:47', 0, 12, 331, 2947, NULL),
(78, 0, '2014-09-17 13:35:55', 1, 12, 332, 2948, NULL),
(79, 0, '2014-09-17 13:35:58', 1, 12, 333, 2949, NULL),
(80, 0, '2014-09-17 13:36:03', 1, 12, 334, 2950, NULL),
(81, 0, '2014-09-17 13:36:06', 0, 12, 335, 2951, NULL),
(82, 0, '2014-09-17 15:33:07', 0, 15, 336, 2942, NULL),
(83, 0, '2014-09-17 15:33:17', 1, 15, 337, 2943, NULL),
(84, 0, '2014-09-17 15:33:31', 5, 15, 338, 2944, NULL),
(85, 0, '2014-09-17 15:33:46', 1, 15, 339, 2945, NULL),
(86, 0, '2014-09-17 15:33:58', 0, 15, 340, 2946, NULL),
(87, 0, '2014-09-17 15:34:12', 3, 15, 341, 2947, NULL),
(88, 0, '2014-09-17 15:34:26', 0, 15, 342, 2948, NULL),
(89, 0, '2014-09-17 15:34:38', 2, 15, 343, 2949, NULL),
(90, 0, '2014-09-17 15:34:53', 1, 15, 344, 2950, NULL),
(91, 0, '2014-09-17 15:34:55', 2, 20, 345, 2949, NULL),
(92, 0, '2014-09-17 15:38:54', 5, 20, 346, 2950, NULL),
(93, 0, '2014-09-17 15:34:59', 1, 20, 347, 2948, NULL),
(94, 0, '2014-09-17 15:35:01', 5, 20, 348, 2947, NULL),
(95, 0, '2014-09-17 15:35:05', 0, 20, 349, 2946, NULL),
(96, 0, '2014-09-17 15:35:06', 1, 20, 350, 2945, NULL),
(97, 0, '2014-09-17 15:35:08', 0, 20, 351, 2944, NULL),
(98, 0, '2014-09-17 15:35:09', 3, 15, 352, 2951, NULL),
(99, 0, '2014-09-17 15:35:09', 0, 20, 353, 2943, NULL),
(100, 0, '2014-09-17 15:35:11', 2, 20, 354, 2942, NULL),
(101, 0, '2014-09-17 15:35:49', 2, 20, 355, 2951, NULL),
(102, 0, '2014-09-17 15:39:59', 1, 18, 356, 2942, NULL),
(103, 0, '2014-09-17 15:40:52', 1, 18, 357, 2943, NULL),
(104, 0, '2014-09-17 15:40:58', 0, 18, 358, 2944, NULL),
(105, 0, '2014-09-17 15:41:09', 2, 18, 359, 2945, NULL),
(106, 0, '2014-09-17 15:42:09', 0, 18, 360, 2946, NULL),
(107, 0, '2014-09-17 15:43:23', 0, 18, 361, 2947, NULL),
(108, 0, '2014-09-18 23:34:43', 1, 4, 362, 2952, NULL),
(109, 0, '2014-09-17 15:43:39', 0, 18, 363, 2948, NULL),
(110, 0, '2014-09-17 15:43:59', 1, 18, 364, 2949, NULL),
(111, 0, '2014-09-17 15:44:18', 2, 18, 365, 2950, NULL),
(112, 0, '2014-09-17 15:44:35', 0, 18, 366, 2951, NULL),
(113, 0, '2014-09-17 16:05:25', 1, 11, 367, 2943, NULL),
(114, 0, '2014-09-17 16:05:34', 0, 11, 368, 2944, NULL),
(115, 0, '2014-09-17 16:05:39', 2, 11, 369, 2945, NULL),
(116, 0, '2014-09-17 16:05:46', 1, 11, 370, 2946, NULL),
(117, 0, '2014-09-17 16:05:52', 0, 11, 371, 2947, NULL),
(118, 0, '2014-09-17 16:06:00', 0, 11, 372, 2948, NULL),
(119, 0, '2014-09-17 16:06:05', 0, 11, 373, 2949, NULL),
(120, 0, '2014-09-17 16:06:15', 1, 11, 374, 2950, NULL),
(121, 0, '2014-09-17 16:06:25', 3, 11, 375, 2951, NULL),
(122, 0, '2014-09-17 17:28:29', 2, 19, 376, 2942, NULL),
(123, 0, '2014-09-17 17:28:58', 0, 19, 377, 2943, NULL),
(124, 0, '2014-09-17 17:30:47', 0, 19, 378, 2944, NULL),
(125, 0, '2014-09-17 17:32:01', 2, 19, 379, 2945, NULL),
(126, 0, '2014-09-17 17:32:04', 0, 19, 380, 2946, NULL),
(127, 0, '2014-09-17 17:32:29', 3, 19, 381, 2947, NULL),
(128, 0, '2014-09-17 17:32:49', 2, 19, 382, 2948, NULL),
(129, 0, '2014-09-17 18:16:43', 2, 21, 383, 2945, NULL),
(130, 0, '2014-09-17 18:04:19', 0, 21, 384, 2944, NULL),
(131, 0, '2014-09-17 18:06:07', 1, 21, 385, 2942, NULL),
(132, 0, '2014-09-17 18:06:09', 2, 21, 386, 2943, NULL),
(133, 0, '2014-09-17 18:06:28', 3, 21, 387, 2947, NULL),
(134, 0, '2014-09-17 18:06:43', 1, 21, 388, 2946, NULL),
(135, 0, '2014-09-17 18:06:54', 3, 21, 389, 2948, NULL),
(136, 0, '2014-09-17 18:07:04', 1, 21, 390, 2949, NULL),
(137, 0, '2014-09-17 18:08:18', 5, 21, 391, 2950, NULL),
(138, 0, '2014-09-17 18:08:27', 1, 21, 392, 2951, NULL),
(139, 0, '2014-09-17 18:21:03', 5, 21, 393, 2952, NULL),
(140, 0, '2014-09-17 18:21:05', 2, 21, 394, 2953, NULL),
(141, 0, '2014-09-17 18:21:06', 0, 21, 395, 2954, NULL),
(142, 0, '2014-09-17 18:21:07', 3, 21, 396, 2955, NULL),
(143, 0, '2014-09-17 18:21:09', 0, 21, 397, 2956, NULL),
(144, 0, '2014-09-17 18:21:10', 1, 21, 398, 2957, NULL),
(145, 0, '2014-09-17 18:21:11', 1, 21, 399, 2958, NULL),
(146, 0, '2014-09-17 18:21:12', 3, 21, 400, 2959, NULL),
(147, 0, '2014-09-17 18:21:13', 1, 21, 401, 2960, NULL),
(148, 0, '2014-09-17 18:21:14', 3, 21, 402, 2961, NULL),
(149, 0, '2014-09-18 00:07:51', 1, 4, 422, 2956, NULL),
(150, 0, '2014-09-18 00:05:53', 1, 4, 423, 2954, NULL),
(151, 0, '2014-09-18 00:06:13', 0, 4, 424, 2960, NULL),
(152, 0, '2014-09-18 00:06:17', 0, 4, 425, 2957, NULL),
(153, 0, '2014-09-18 00:06:38', 2, 4, 426, 2961, NULL),
(154, 0, '2014-09-18 00:06:41', 3, 4, 427, 2959, NULL),
(155, 0, '2014-09-18 00:06:46', 2, 4, 428, 2955, NULL),
(156, 0, '2014-09-19 16:14:43', 2, 4, 429, 2953, NULL),
(157, 0, '2014-09-18 00:07:00', 0, 4, 430, 2958, NULL),
(158, 0, '2014-09-18 15:40:08', 5, 14, 431, 2956, NULL),
(159, 0, '2014-09-18 15:40:18', 1, 14, 432, 2960, NULL),
(160, 0, '2014-09-18 15:41:09', 0, 14, 433, 2954, NULL),
(161, 0, '2014-09-18 15:41:02', 0, 14, 434, 2957, NULL),
(162, 0, '2014-09-18 15:41:31', 1, 14, 435, 2952, NULL),
(163, 0, '2014-09-18 15:41:40', 1, 14, 436, 2953, NULL),
(164, 0, '2014-09-18 15:41:47', 1, 14, 437, 2958, NULL),
(165, 0, '2014-09-18 15:42:00', 0, 14, 438, 2961, NULL),
(166, 0, '2014-09-18 15:42:07', 3, 14, 439, 2959, NULL),
(167, 0, '2014-09-18 15:42:16', 3, 14, 440, 2955, NULL),
(168, 0, '2014-09-19 09:07:30', 3, 12, 444, 2956, NULL),
(169, 0, '2014-09-19 09:07:47', 5, 12, 445, 2960, NULL),
(170, 0, '2014-09-19 09:07:49', 1, 12, 446, 2954, NULL),
(171, 0, '2014-09-19 09:07:53', 0, 12, 447, 2957, NULL),
(172, 0, '2014-09-19 09:08:06', 1, 12, 448, 2952, NULL),
(173, 0, '2014-09-19 09:08:15', 5, 12, 449, 2953, NULL),
(174, 0, '2014-09-19 09:08:24', 1, 12, 450, 2958, NULL),
(175, 0, '2014-09-19 09:08:28', 0, 12, 451, 2961, NULL),
(176, 0, '2014-09-19 09:08:31', 5, 12, 452, 2959, NULL),
(177, 0, '2014-09-19 09:08:34', 2, 12, 453, 2955, NULL),
(178, 0, '2014-09-19 09:29:57', 2, 7, 454, 2956, NULL),
(179, 0, '2014-09-19 09:30:42', 5, 7, 455, 2960, NULL),
(180, 0, '2014-09-19 09:31:26', 1, 8, 456, 2956, NULL),
(181, 0, '2014-09-19 09:31:28', 5, 8, 457, 2960, NULL),
(182, 0, '2014-09-19 09:31:30', 0, 8, 458, 2954, NULL),
(183, 0, '2014-09-19 09:31:33', 0, 8, 459, 2957, NULL),
(184, 0, '2014-09-19 09:31:37', 5, 8, 460, 2952, NULL),
(185, 0, '2014-09-19 09:31:41', 1, 8, 461, 2953, NULL),
(186, 0, '2014-09-19 09:31:44', 1, 7, 462, 2954, NULL),
(187, 0, '2014-09-19 09:31:45', 1, 8, 463, 2958, NULL),
(188, 0, '2014-09-19 09:31:49', 0, 8, 464, 2961, NULL),
(189, 0, '2014-09-19 09:31:52', 1, 8, 465, 2959, NULL),
(190, 0, '2014-09-19 09:31:54', 1, 8, 466, 2955, NULL),
(191, 0, '2014-09-19 09:32:37', 0, 7, 467, 2957, NULL),
(192, 0, '2014-09-19 09:33:36', 1, 7, 468, 2952, NULL),
(193, 0, '2014-09-19 09:33:52', 2, 7, 469, 2953, NULL),
(194, 0, '2014-09-19 09:34:09', 0, 7, 470, 2958, NULL),
(195, 0, '2014-09-19 09:34:42', 2, 7, 471, 2961, NULL),
(196, 0, '2014-09-19 09:35:04', 3, 7, 472, 2959, NULL),
(197, 0, '2014-09-19 09:35:25', 3, 7, 473, 2955, NULL),
(198, 0, '2014-09-19 10:26:40', 0, 20, 474, 2961, NULL),
(199, 0, '2014-09-19 10:26:48', 3, 20, 475, 2959, NULL),
(200, 0, '2014-09-19 10:27:15', 1, 20, 476, 2957, NULL),
(201, 0, '2014-09-19 10:27:45', 5, 20, 477, 2960, NULL),
(202, 0, '2014-09-19 10:28:10', 3, 20, 478, 2956, NULL),
(203, 0, '2014-09-19 10:28:31', 1, 20, 479, 2958, NULL),
(204, 0, '2014-09-19 10:28:51', 1, 20, 480, 2952, NULL),
(205, 0, '2014-09-19 10:28:57', 2, 20, 481, 2954, NULL),
(206, 0, '2014-09-19 10:30:32', 5, 20, 482, 2955, NULL),
(207, 0, '2014-09-19 10:33:58', 1, 20, 483, 2953, NULL),
(208, 0, '2014-09-19 13:13:25', 1, 17, 484, 2956, NULL),
(209, 0, '2014-09-19 13:13:30', 0, 17, 485, 2960, NULL),
(210, 0, '2014-09-19 13:18:26', 0, 17, 486, 2954, NULL),
(211, 0, '2014-09-19 13:18:10', 0, 17, 487, 2957, NULL),
(212, 0, '2014-09-19 13:14:41', 1, 17, 488, 2952, NULL),
(213, 0, '2014-09-19 13:14:46', 3, 17, 489, 2953, NULL),
(214, 0, '2014-09-19 13:14:54', 3, 17, 490, 2958, NULL),
(215, 0, '2014-09-19 13:15:02', 3, 17, 491, 2961, NULL),
(216, 0, '2014-09-19 13:15:08', 3, 17, 492, 2959, NULL),
(217, 0, '2014-09-19 13:15:18', 2, 17, 493, 2955, NULL),
(218, 0, '2014-09-19 13:16:08', 5, 9, 494, 2956, NULL),
(219, 0, '2014-09-19 13:17:44', 0, 9, 495, 2960, NULL),
(220, 0, '2014-09-19 13:17:52', 0, 9, 496, 2954, NULL),
(221, 0, '2014-09-19 13:18:03', 2, 9, 497, 2957, NULL),
(222, 0, '2014-09-19 13:18:10', 0, 9, 498, 2952, NULL),
(223, 0, '2014-09-19 13:18:23', 3, 9, 499, 2953, NULL),
(224, 0, '2014-09-19 13:18:38', 1, 9, 500, 2958, NULL),
(225, 0, '2014-09-19 13:18:42', 0, 9, 501, 2961, NULL),
(226, 0, '2014-09-19 13:18:50', 1, 9, 502, 2959, NULL),
(227, 0, '2014-09-19 13:18:54', 3, 9, 503, 2955, NULL),
(228, 0, '2014-09-19 17:05:49', 2, 18, 504, 2956, NULL),
(229, 0, '2014-09-19 17:05:55', 5, 18, 505, 2960, NULL),
(230, 0, '2014-09-19 17:06:00', 0, 18, 506, 2954, NULL),
(231, 0, '2014-09-19 17:06:05', 2, 18, 507, 2957, NULL),
(232, 0, '2014-09-19 17:06:07', 2, 18, 508, 2952, NULL),
(233, 0, '2014-09-19 17:06:12', 2, 18, 509, 2953, NULL),
(234, 0, '2014-09-19 17:06:18', 1, 18, 510, 2958, NULL),
(235, 0, '2014-09-19 17:06:22', 2, 18, 511, 2961, NULL),
(236, 0, '2014-09-19 17:06:27', 5, 18, 512, 2959, NULL),
(237, 0, '2014-09-19 17:06:31', 5, 18, 513, 2955, NULL),
(238, 0, '2014-09-20 11:05:42', 2, 15, 514, 2956, NULL),
(239, 0, '2014-09-20 11:05:52', 1, 15, 515, 2960, NULL),
(240, 0, '2014-09-20 11:06:03', 0, 15, 516, 2954, NULL),
(241, 0, '2014-09-20 11:06:10', 2, 15, 517, 2957, NULL),
(242, 0, '2014-09-20 11:06:21', 0, 15, 518, 2952, NULL),
(243, 0, '2014-09-20 11:07:05', 1, 15, 519, 2953, NULL),
(244, 0, '2014-09-20 11:07:19', 5, 15, 520, 2958, NULL),
(245, 0, '2014-09-20 11:07:33', 0, 15, 521, 2961, NULL),
(246, 0, '2014-09-20 11:07:42', 3, 15, 522, 2959, NULL),
(247, 0, '2014-09-20 11:07:55', 0, 15, 523, 2955, NULL),
(248, 0, '2014-09-20 18:06:23', 1, 19, 524, 2960, NULL),
(249, 0, '2014-09-20 18:06:34', 1, 19, 525, 2954, NULL),
(250, 0, '2014-09-20 18:06:47', 1, 19, 526, 2957, NULL),
(251, 0, '2014-09-20 18:06:52', 2, 19, 527, 2952, NULL),
(252, 0, '2014-09-20 18:06:58', 0, 19, 528, 2953, NULL),
(253, 0, '2014-09-20 18:07:03', 0, 19, 529, 2958, NULL),
(254, 0, '2014-09-20 18:07:08', 3, 19, 530, 2961, NULL),
(255, 0, '2014-09-20 18:07:14', 1, 19, 531, 2959, NULL),
(256, 0, '2014-09-20 18:07:18', 1, 19, 532, 2955, NULL),
(257, 0, '2014-09-22 09:36:02', 1, 7, 543, 2968, NULL),
(258, 0, '2014-09-25 10:15:52', 2, 7, 544, 2962, NULL),
(259, 0, '2014-09-25 10:24:35', 1, 7, 545, 2967, NULL),
(260, 0, '2014-09-22 09:37:50', 5, 7, 546, 2966, NULL),
(261, 0, '2014-09-22 09:38:07', 0, 7, 547, 2971, NULL),
(262, 0, '2014-09-24 13:41:24', 1, 7, 548, 2970, NULL),
(263, 0, '2014-09-22 09:38:49', 5, 7, 549, 2963, NULL),
(264, 0, '2014-09-22 09:39:07', 5, 7, 550, 2969, NULL),
(265, 0, '2014-09-24 13:41:44', 3, 7, 551, 2965, NULL),
(266, 0, '2014-09-22 09:40:00', 1, 7, 552, 2964, NULL),
(267, 0, '2014-09-22 10:31:15', 0, 20, 553, 2962, NULL),
(268, 0, '2014-09-22 10:31:28', 1, 20, 554, 2967, NULL),
(269, 0, '2014-09-22 10:31:36', 3, 20, 555, 2966, NULL),
(270, 0, '2014-09-22 10:32:18', 0, 20, 556, 2968, NULL),
(271, 0, '2014-09-22 10:32:32', 0, 20, 557, 2971, NULL),
(272, 0, '2014-09-22 10:32:52', 0, 20, 558, 2963, NULL),
(273, 0, '2014-09-22 10:32:58', 0, 20, 559, 2969, NULL),
(274, 0, '2014-09-22 10:33:10', 0, 20, 560, 2965, NULL),
(275, 0, '2014-09-22 10:33:16', 1, 20, 561, 2970, NULL),
(276, 0, '2014-09-22 10:33:18', 0, 20, 562, 2964, NULL),
(277, 0, '2014-09-22 22:21:22', 1, 21, 563, 2966, NULL),
(278, 0, '2014-09-22 22:21:31', 3, 21, 564, 2969, NULL),
(279, 0, '2014-09-22 22:21:52', 2, 21, 565, 2968, NULL),
(280, 0, '2014-09-22 22:21:56', 3, 21, 566, 2971, NULL),
(281, 0, '2014-09-22 22:22:03', 0, 21, 567, 2970, NULL),
(282, 0, '2014-09-22 22:22:09', 0, 21, 568, 2963, NULL),
(283, 0, '2014-09-22 22:22:14', 1, 21, 569, 2964, NULL),
(284, 0, '2014-09-22 22:22:19', 5, 21, 570, 2962, NULL),
(285, 0, '2014-09-22 22:22:31', 0, 21, 571, 2965, NULL),
(286, 0, '2014-09-22 22:22:35', 2, 21, 572, 2967, NULL),
(287, 0, '2014-09-23 11:54:10', 5, 12, 573, 2966, NULL),
(288, 0, '2014-09-23 11:54:08', 2, 12, 574, 2969, NULL),
(289, 0, '2014-09-23 11:54:13', 5, 12, 575, 2968, NULL),
(290, 0, '2014-09-23 11:54:17', 0, 12, 576, 2971, NULL),
(291, 0, '2014-09-23 11:54:19', 5, 12, 577, 2970, NULL),
(292, 0, '2014-09-23 11:54:22', 2, 12, 578, 2963, NULL),
(293, 0, '2014-09-23 11:54:24', 1, 12, 579, 2964, NULL),
(294, 0, '2014-09-23 11:54:28', 5, 12, 580, 2962, NULL),
(295, 0, '2014-09-23 11:54:32', 0, 12, 581, 2965, NULL),
(296, 0, '2014-09-23 11:54:33', 2, 12, 582, 2967, NULL),
(297, 0, '2014-09-24 07:12:09', 5, 14, 583, 2966, NULL),
(298, 0, '2014-09-24 07:12:17', 3, 14, 584, 2969, NULL),
(299, 0, '2014-09-24 07:12:33', 1, 14, 585, 2968, NULL),
(300, 0, '2014-09-24 07:12:50', 2, 14, 586, 2971, NULL),
(301, 0, '2014-09-24 07:13:04', 0, 14, 587, 2970, NULL),
(302, 0, '2014-09-24 07:13:13', 2, 14, 588, 2963, NULL),
(303, 0, '2014-09-24 07:13:31', 1, 14, 589, 2964, NULL),
(304, 0, '2014-09-24 07:13:44', 5, 14, 590, 2962, NULL),
(305, 0, '2014-09-24 07:13:54', 1, 14, 591, 2965, NULL),
(306, 0, '2014-09-24 07:14:08', 0, 14, 592, 2967, NULL),
(307, 0, '2014-09-24 10:50:03', 1, 17, 593, 2966, NULL),
(308, 0, '2014-09-24 10:50:10', 3, 17, 594, 2969, NULL),
(309, 0, '2014-09-24 10:48:19', 2, 17, 595, 2968, NULL),
(310, 0, '2014-09-24 10:48:31', 0, 17, 596, 2971, NULL),
(311, 0, '2014-09-24 10:48:33', 0, 17, 597, 2970, NULL),
(312, 0, '2014-09-24 10:48:42', 1, 17, 598, 2963, NULL),
(313, 0, '2014-09-24 10:48:48', 1, 17, 599, 2964, NULL),
(314, 0, '2014-09-24 10:48:54', 5, 17, 600, 2962, NULL),
(315, 0, '2014-09-24 10:49:00', 3, 17, 601, 2965, NULL),
(316, 0, '2014-09-24 10:49:09', 2, 17, 602, 2967, NULL),
(317, 0, '2014-09-24 11:40:01', 3, 18, 603, 2966, NULL),
(318, 0, '2014-09-24 11:40:07', 3, 18, 604, 2969, NULL),
(319, 0, '2014-09-24 11:43:07', 5, 18, 605, 2968, NULL),
(320, 0, '2014-09-24 11:44:16', 3, 18, 606, 2971, NULL),
(321, 0, '2014-09-24 11:52:38', 1, 18, 607, 2970, NULL),
(322, 0, '2014-09-24 11:44:25', 5, 18, 608, 2963, NULL),
(323, 0, '2014-09-24 11:44:31', 1, 18, 609, 2964, NULL),
(324, 0, '2014-09-24 11:45:56', 5, 18, 610, 2962, NULL),
(325, 0, '2014-09-24 11:46:02', 0, 18, 611, 2965, NULL),
(326, 0, '2014-09-24 11:47:09', 2, 18, 612, 2967, NULL),
(327, 0, '2014-09-24 11:50:36', 1, 9, 613, 2966, NULL),
(328, 0, '2014-09-24 11:50:46', 0, 9, 614, 2969, NULL),
(329, 0, '2014-09-24 11:50:51', 3, 9, 615, 2968, NULL),
(330, 0, '2014-09-24 11:50:58', 2, 9, 616, 2971, NULL),
(331, 0, '2014-09-24 11:51:10', 2, 9, 617, 2970, NULL),
(332, 0, '2014-09-24 11:51:13', 2, 9, 618, 2963, NULL),
(333, 0, '2014-09-24 11:51:17', 0, 9, 619, 2964, NULL),
(334, 0, '2014-09-24 11:51:29', 1, 9, 620, 2962, NULL),
(335, 0, '2014-09-24 11:51:35', 5, 9, 621, 2965, NULL),
(336, 0, '2014-09-24 11:51:44', 1, 9, 622, 2967, NULL),
(337, 0, '2014-09-24 11:54:34', 3, 4, 623, 2966, NULL),
(338, 0, '2014-09-24 11:54:51', 0, 4, 624, 2969, NULL),
(339, 0, '2014-09-24 11:54:56', 2, 4, 625, 2968, NULL),
(340, 0, '2014-09-24 11:54:58', 0, 4, 626, 2971, NULL),
(341, 0, '2014-09-24 11:55:05', 1, 4, 627, 2970, NULL),
(342, 0, '2014-09-24 11:55:10', 0, 4, 628, 2963, NULL),
(343, 0, '2014-09-24 11:55:12', 1, 4, 629, 2964, NULL),
(344, 0, '2014-09-24 11:55:23', 1, 4, 630, 2962, NULL),
(345, 0, '2014-09-24 11:55:27', 3, 4, 631, 2965, NULL),
(346, 0, '2014-09-24 11:55:33', 2, 4, 632, 2967, NULL),
(347, 0, '2014-09-24 15:12:28', 3, 8, 633, 2966, NULL),
(348, 0, '2014-09-24 15:12:34', 2, 8, 634, 2969, NULL),
(349, 0, '2014-09-24 15:12:54', 1, 8, 635, 2968, NULL),
(350, 0, '2014-09-24 15:13:07', 2, 8, 636, 2971, NULL),
(351, 0, '2014-09-24 15:13:27', 1, 8, 637, 2970, NULL),
(352, 0, '2014-09-24 15:13:31', 2, 8, 638, 2963, NULL),
(353, 0, '2014-09-24 15:13:46', 1, 8, 639, 2964, NULL),
(354, 0, '2014-09-24 15:13:56', 0, 8, 640, 2962, NULL),
(355, 0, '2014-09-24 15:14:14', 3, 8, 641, 2965, NULL),
(356, 0, '2014-09-24 15:14:38', 2, 8, 642, 2967, NULL),
(357, 0, '2014-09-24 15:23:09', 1, 16, 643, 2966, NULL),
(358, 0, '2014-09-24 15:23:10', 3, 16, 644, 2969, NULL),
(359, 0, '2014-09-24 15:23:11', 5, 16, 645, 2968, NULL),
(360, 0, '2014-09-24 15:23:12', 0, 16, 646, 2971, NULL),
(361, 0, '2014-09-24 15:23:13', 0, 16, 647, 2970, NULL),
(362, 0, '2014-09-24 15:23:14', 1, 16, 648, 2963, NULL),
(363, 0, '2014-09-24 15:23:15', 0, 16, 649, 2964, NULL),
(364, 0, '2014-09-24 15:23:16', 3, 16, 650, 2962, NULL),
(365, 0, '2014-09-24 15:23:17', 3, 16, 651, 2965, NULL),
(366, 0, '2014-09-24 15:23:20', 3, 16, 652, 2967, NULL),
(367, 0, '2014-09-24 16:07:51', 3, 10, 653, 2966, NULL),
(368, 0, '2014-09-24 16:07:58', 2, 10, 654, 2969, NULL),
(369, 0, '2014-09-24 16:08:15', 3, 10, 655, 2968, NULL),
(370, 0, '2014-09-24 16:08:23', 2, 10, 656, 2971, NULL),
(371, 0, '2014-09-24 16:08:35', 1, 10, 657, 2970, NULL),
(372, 0, '2014-09-24 16:08:46', 1, 10, 658, 2963, NULL),
(373, 0, '2014-09-24 16:15:32', 5, 10, 659, 2962, NULL),
(374, 0, '2014-09-24 16:09:01', 3, 10, 660, 2965, NULL),
(375, 0, '2014-09-24 16:09:09', 1, 10, 661, 2967, NULL),
(376, 0, '2014-09-24 16:15:01', 1, 10, 662, 2964, NULL),
(377, 0, '2014-09-24 17:35:30', 3, 22, 663, 2966, NULL),
(378, 0, '2014-09-24 17:35:40', 3, 22, 664, 2969, NULL),
(379, 0, '2014-09-24 17:35:50', 1, 22, 665, 2968, NULL),
(380, 0, '2014-09-24 17:35:56', 0, 22, 666, 2971, NULL),
(381, 0, '2014-09-24 17:36:10', 5, 22, 667, 2970, NULL),
(382, 0, '2014-09-24 17:36:24', 1, 22, 668, 2963, NULL),
(383, 0, '2014-09-24 17:36:31', 0, 22, 669, 2964, NULL),
(384, 0, '2014-09-24 17:36:42', 0, 22, 670, 2962, NULL),
(385, 0, '2014-09-24 17:36:55', 0, 22, 671, 2965, NULL),
(386, 0, '2014-09-24 17:37:08', 2, 22, 672, 2967, NULL),
(387, 0, '2014-09-24 18:28:07', 0, 15, 673, 2966, NULL),
(388, 0, '2014-09-24 18:28:14', 2, 15, 674, 2969, NULL),
(389, 0, '2014-09-24 18:28:22', 0, 15, 675, 2968, NULL),
(390, 0, '2014-09-24 18:28:31', 3, 15, 676, 2971, NULL),
(391, 0, '2014-09-24 18:28:39', 3, 15, 677, 2970, NULL),
(392, 0, '2014-09-24 18:28:48', 0, 15, 678, 2963, NULL),
(393, 0, '2014-09-24 18:29:05', 0, 15, 679, 2964, NULL),
(394, 0, '2014-09-24 18:29:12', 0, 15, 680, 2962, NULL),
(395, 0, '2014-09-24 18:29:16', 0, 15, 681, 2965, NULL),
(396, 0, '2014-09-24 18:29:33', 1, 15, 682, 2967, NULL),
(397, 0, '2014-09-25 08:00:24', 1, 10, 690, 2978, NULL),
(398, 0, '2014-09-25 08:00:35', 3, 10, 691, 2972, NULL),
(399, 0, '2014-09-25 08:00:45', 5, 10, 692, 2977, NULL),
(400, 0, '2014-09-25 08:00:53', 2, 10, 693, 2976, NULL),
(401, 0, '2014-09-25 08:00:58', 0, 10, 694, 2981, NULL),
(402, 0, '2014-09-25 08:01:16', 2, 10, 695, 2979, NULL),
(403, 0, '2014-09-25 08:01:26', 5, 10, 696, 2975, NULL),
(404, 0, '2014-09-25 08:01:29', 0, 10, 697, 2974, NULL),
(405, 0, '2014-09-25 08:01:39', 0, 10, 698, 2973, NULL),
(406, 0, '2014-09-26 08:20:33', 1, 10, 699, 2980, NULL),
(407, 0, '2014-09-25 09:31:33', 1, 12, 700, 2978, NULL),
(408, 0, '2014-09-25 09:31:41', 3, 12, 701, 2972, NULL),
(409, 0, '2014-09-25 09:31:45', 5, 12, 702, 2977, NULL),
(410, 0, '2014-09-25 09:31:45', 1, 12, 703, 2976, NULL),
(411, 0, '2014-09-25 09:31:52', 1, 12, 704, 2981, NULL),
(412, 0, '2014-09-25 09:31:55', 2, 12, 705, 2980, NULL),
(413, 0, '2014-09-25 09:31:57', 2, 12, 706, 2979, NULL),
(414, 0, '2014-09-25 09:32:02', 0, 12, 707, 2975, NULL),
(415, 0, '2014-09-25 09:32:09', 0, 12, 708, 2974, NULL),
(416, 0, '2014-09-25 09:32:10', 2, 12, 709, 2973, NULL),
(417, 0, '2014-09-25 23:37:14', 1, 4, 713, 2978, NULL),
(418, 0, '2014-09-25 23:37:27', 5, 4, 714, 2972, NULL),
(419, 0, '2014-09-25 23:37:34', 5, 4, 715, 2977, NULL),
(420, 0, '2014-09-25 23:37:40', 1, 4, 716, 2976, NULL),
(421, 0, '2014-09-26 10:06:52', 2, 4, 717, 2981, NULL),
(422, 0, '2014-09-25 23:37:48', 1, 4, 718, 2980, NULL),
(423, 0, '2014-09-25 23:38:19', 2, 4, 719, 2979, NULL),
(424, 0, '2014-09-26 09:23:59', 3, 4, 720, 2975, NULL),
(425, 0, '2014-09-25 23:38:44', 0, 4, 721, 2974, NULL),
(426, 0, '2014-09-26 10:07:07', 0, 4, 722, 2973, NULL),
(427, 0, '2014-09-25 23:50:40', 5, 21, 723, 2978, NULL),
(428, 0, '2014-09-25 23:50:47', 0, 21, 724, 2972, NULL),
(429, 0, '2014-09-25 23:50:51', 3, 21, 725, 2977, NULL),
(430, 0, '2014-09-25 23:50:59', 0, 21, 726, 2976, NULL),
(431, 0, '2014-09-25 23:51:03', 5, 21, 727, 2981, NULL),
(432, 0, '2014-09-25 23:51:06', 1, 21, 728, 2980, NULL),
(433, 0, '2014-09-25 23:51:13', 2, 21, 729, 2979, NULL),
(434, 0, '2014-09-25 23:51:17', 5, 21, 730, 2975, NULL),
(435, 0, '2014-09-25 23:51:19', 0, 21, 731, 2974, NULL),
(436, 0, '2014-09-25 23:51:34', 0, 21, 732, 2973, NULL),
(437, 0, '2014-09-26 00:33:23', 1, 22, 733, 2978, NULL),
(438, 0, '2014-09-26 00:33:31', 5, 22, 734, 2972, NULL),
(439, 0, '2014-09-26 00:33:37', 3, 22, 735, 2977, NULL),
(440, 0, '2014-09-26 00:59:50', 0, 22, 736, 2976, NULL),
(441, 0, '2014-09-26 01:00:02', 0, 22, 737, 2981, NULL),
(442, 0, '2014-09-26 01:00:08', 0, 22, 738, 2980, NULL),
(443, 0, '2014-09-26 01:00:16', 2, 22, 739, 2979, NULL),
(444, 0, '2014-09-26 01:00:22', 0, 22, 740, 2975, NULL),
(445, 0, '2014-09-26 01:00:29', 1, 22, 741, 2974, NULL),
(446, 0, '2014-09-26 01:00:39', 2, 22, 742, 2973, NULL),
(447, 0, '2014-09-26 07:45:21', 0, 14, 743, 2978, NULL),
(448, 0, '2014-09-26 07:45:31', 3, 14, 744, 2972, NULL),
(449, 0, '2014-09-26 07:45:41', 5, 14, 745, 2977, NULL),
(450, 0, '2014-09-26 07:45:57', 1, 14, 746, 2976, NULL),
(451, 0, '2014-09-26 07:46:14', 1, 14, 747, 2981, NULL),
(452, 0, '2014-09-26 07:46:22', 2, 14, 748, 2980, NULL),
(453, 0, '2014-09-26 07:46:30', 2, 14, 749, 2979, NULL),
(454, 0, '2014-09-26 07:46:40', 5, 14, 750, 2975, NULL),
(455, 0, '2014-09-26 07:46:49', 1, 14, 751, 2974, NULL),
(456, 0, '2014-09-26 07:47:07', 1, 14, 752, 2973, NULL),
(457, 0, '2014-09-26 08:06:54', 1, 9, 753, 2978, NULL),
(458, 0, '2014-09-26 08:07:08', 5, 9, 754, 2972, NULL),
(459, 0, '2014-09-26 08:07:24', 5, 9, 755, 2977, NULL),
(460, 0, '2014-09-26 08:07:36', 5, 9, 756, 2976, NULL),
(461, 0, '2014-09-26 08:07:48', 5, 9, 757, 2981, NULL),
(462, 0, '2014-09-26 08:08:15', 0, 9, 758, 2980, NULL),
(463, 0, '2014-09-26 08:08:33', 0, 9, 759, 2979, NULL),
(464, 0, '2014-09-26 08:08:41', 5, 9, 760, 2975, NULL),
(465, 0, '2014-09-26 08:08:52', 0, 9, 761, 2974, NULL),
(466, 0, '2014-09-26 08:09:00', 2, 9, 762, 2973, NULL),
(467, 0, '2014-09-26 08:10:21', 3, 7, 763, 2977, NULL),
(468, 0, '2014-09-26 08:11:39', 0, 7, 764, 2978, NULL),
(469, 0, '2014-09-26 08:12:04', 3, 7, 765, 2972, NULL),
(470, 0, '2014-09-26 08:12:34', 1, 7, 766, 2976, NULL),
(471, 0, '2014-09-26 08:13:02', 5, 7, 767, 2981, NULL),
(472, 0, '2014-09-26 08:13:31', 1, 7, 768, 2980, NULL),
(473, 0, '2014-09-26 08:13:56', 2, 7, 769, 2979, NULL),
(474, 0, '2014-09-26 16:29:59', 5, 7, 770, 2975, NULL),
(475, 0, '2014-09-26 08:15:06', 0, 7, 771, 2974, NULL),
(476, 0, '2014-09-26 08:16:11', 0, 7, 772, 2973, NULL),
(477, 0, '2014-09-26 08:35:18', 0, 20, 773, 2978, NULL),
(478, 0, '2014-09-26 08:35:29', 3, 20, 774, 2972, NULL),
(479, 0, '2014-09-26 08:35:43', 2, 20, 775, 2977, NULL),
(480, 0, '2014-09-26 08:35:51', 1, 20, 776, 2976, NULL),
(481, 0, '2014-09-26 08:36:12', 3, 20, 777, 2975, NULL),
(482, 0, '2014-09-26 08:36:20', 0, 20, 778, 2973, NULL),
(483, 0, '2014-09-26 08:36:24', 0, 20, 779, 2974, NULL),
(484, 0, '2014-09-26 08:36:28', 5, 20, 780, 2981, NULL),
(485, 0, '2014-09-26 08:36:38', 0, 20, 781, 2980, NULL),
(486, 0, '2014-09-26 08:39:03', 2, 20, 782, 2979, NULL),
(487, 0, '2014-09-26 09:10:43', 0, 19, 783, 2978, NULL),
(488, 0, '2014-09-26 09:11:09', 5, 19, 784, 2972, NULL),
(489, 0, '2014-09-26 09:11:27', 3, 19, 785, 2977, NULL),
(490, 0, '2014-09-26 09:11:35', 0, 19, 786, 2976, NULL),
(491, 0, '2014-09-26 09:11:39', 1, 19, 787, 2981, NULL),
(492, 0, '2014-09-26 09:11:44', 3, 19, 788, 2980, NULL),
(493, 0, '2014-09-26 09:11:47', 1, 19, 789, 2979, NULL),
(494, 0, '2014-09-26 09:12:33', 0, 19, 790, 2975, NULL),
(495, 0, '2014-09-26 09:12:44', 0, 19, 791, 2974, NULL),
(496, 0, '2014-09-26 09:12:55', 0, 19, 792, 2973, NULL),
(497, 0, '2014-09-26 11:03:45', 0, 18, 793, 2978, NULL),
(498, 0, '2014-09-26 11:17:56', 3, 18, 794, 2972, NULL),
(499, 0, '2014-09-26 11:18:04', 3, 18, 795, 2977, NULL),
(500, 0, '2014-09-26 11:19:18', 0, 18, 796, 2976, NULL),
(501, 0, '2014-09-26 11:24:54', 0, 18, 797, 2981, NULL),
(502, 0, '2014-09-26 11:25:08', 2, 18, 798, 2980, NULL),
(503, 0, '2014-09-26 11:25:27', 2, 18, 799, 2979, NULL),
(504, 0, '2014-09-26 11:25:44', 2, 18, 800, 2975, NULL),
(505, 0, '2014-09-26 11:25:51', 0, 18, 801, 2974, NULL),
(506, 0, '2014-09-26 11:28:04', 1, 18, 802, 2973, NULL),
(507, 0, '2014-09-26 12:57:11', 0, 8, 803, 2978, NULL),
(508, 0, '2014-09-26 12:57:25', 5, 8, 804, 2972, NULL),
(509, 0, '2014-09-26 12:57:34', 2, 8, 805, 2977, NULL),
(510, 0, '2014-09-26 12:57:44', 1, 8, 806, 2976, NULL),
(511, 0, '2014-09-26 12:57:53', 1, 8, 807, 2981, NULL),
(512, 0, '2014-09-26 12:58:00', 0, 8, 808, 2980, NULL),
(513, 0, '2014-09-26 12:58:11', 2, 8, 809, 2979, NULL),
(514, 0, '2014-09-26 12:58:17', 3, 8, 810, 2975, NULL),
(515, 0, '2014-09-26 12:58:23', 0, 8, 811, 2974, NULL),
(516, 0, '2014-09-26 12:58:35', 0, 8, 812, 2973, NULL),
(517, 0, '2014-09-27 13:12:11', 5, 15, 813, 2981, NULL),
(518, 0, '2014-09-27 13:12:19', 2, 15, 814, 2973, NULL),
(519, 0, '2014-09-27 13:12:24', 0, 15, 815, 2974, NULL),
(520, 0, '2014-09-27 13:12:31', 0, 15, 816, 2978, NULL),
(521, 0, '2014-09-27 13:12:38', 1, 15, 817, 2972, NULL),
(522, 0, '2014-09-27 13:12:46', 3, 15, 818, 2977, NULL),
(523, 0, '2014-09-27 13:12:56', 0, 15, 819, 2976, NULL),
(524, 0, '2014-09-27 13:13:03', 0, 15, 820, 2980, NULL),
(525, 0, '2014-09-27 13:13:13', 0, 15, 821, 2979, NULL),
(526, 0, '2014-09-27 13:13:19', 1, 15, 822, 2975, NULL),
(527, 0, '2014-09-29 00:17:35', 0, 22, 833, 2986, NULL),
(528, 0, '2014-09-29 00:17:44', 0, 22, 834, 2984, NULL),
(529, 0, '2014-09-29 00:17:59', 0, 22, 835, 2990, NULL),
(530, 0, '2014-09-29 00:18:05', 1, 22, 836, 2987, NULL),
(531, 0, '2014-09-29 00:18:12', 1, 22, 837, 2982, NULL),
(532, 0, '2014-09-29 00:18:17', 0, 22, 838, 2983, NULL),
(533, 0, '2014-09-29 00:18:30', 1, 22, 839, 2991, NULL),
(534, 0, '2014-09-29 00:19:28', 2, 22, 840, 2989, NULL),
(535, 0, '2014-09-29 00:19:03', 0, 22, 841, 2985, NULL),
(536, 0, '2014-09-29 00:19:10', 2, 22, 842, 2988, NULL),
(537, 0, '2014-09-29 02:06:19', 5, 21, 843, 2986, NULL),
(538, 0, '2014-09-29 02:06:29', 3, 21, 844, 2984, NULL),
(539, 0, '2014-09-29 02:06:40', 0, 21, 845, 2990, NULL),
(540, 0, '2014-09-29 02:06:48', 5, 21, 846, 2987, NULL),
(541, 0, '2014-09-29 02:06:55', 1, 21, 847, 2982, NULL),
(542, 0, '2014-09-29 02:07:00', 1, 21, 848, 2983, NULL),
(543, 0, '2014-09-29 02:07:05', 5, 21, 849, 2991, NULL),
(544, 0, '2014-09-29 02:07:15', 1, 21, 850, 2989, NULL),
(545, 0, '2014-09-29 02:07:23', 2, 21, 851, 2985, NULL),
(546, 0, '2014-09-29 02:07:30', 2, 21, 852, 2988, NULL),
(547, 0, '2014-09-29 09:05:18', 2, 12, 853, 2985, NULL),
(548, 0, '2014-09-29 09:05:29', 1, 12, 854, 2986, NULL),
(549, 0, '2014-09-29 09:05:35', 1, 12, 855, 2982, NULL),
(550, 0, '2014-09-29 09:05:37', 1, 12, 856, 2983, NULL),
(551, 0, '2014-09-29 09:05:41', 2, 12, 857, 2989, NULL),
(552, 0, '2014-09-29 09:05:48', 2, 12, 858, 2988, NULL),
(553, 0, '2014-09-29 09:05:51', 1, 12, 859, 2984, NULL),
(554, 0, '2014-09-29 09:05:55', 0, 12, 860, 2990, NULL),
(555, 0, '2014-09-29 09:06:03', 2, 12, 861, 2987, NULL),
(556, 0, '2014-09-29 09:06:12', 0, 12, 862, 2991, NULL),
(557, 0, '2014-09-29 09:25:22', 2, 17, 863, 2985, NULL),
(558, 0, '2014-09-29 09:25:32', 1, 17, 864, 2986, NULL),
(559, 0, '2014-09-29 09:25:33', 1, 17, 865, 2982, NULL),
(560, 0, '2014-09-29 09:25:37', 0, 17, 866, 2983, NULL),
(561, 0, '2014-09-29 09:25:42', 1, 17, 867, 2989, NULL),
(562, 0, '2014-09-29 09:25:45', 1, 17, 868, 2988, NULL),
(563, 0, '2014-09-29 09:25:49', 3, 17, 869, 2984, NULL),
(564, 0, '2014-09-29 09:25:51', 0, 17, 870, 2990, NULL),
(565, 0, '2014-09-29 09:25:56', 0, 17, 871, 2987, NULL),
(566, 0, '2014-09-29 09:26:02', 2, 17, 872, 2991, NULL),
(567, 0, '2014-10-02 14:37:01', 2, 7, 873, 2985, NULL),
(568, 0, '2014-09-29 09:31:52', 1, 7, 874, 2986, NULL),
(569, 0, '2014-09-29 09:32:10', 2, 7, 875, 2982, NULL),
(570, 0, '2014-09-29 09:32:28', 1, 7, 876, 2983, NULL),
(571, 0, '2014-09-29 09:32:47', 0, 7, 877, 2989, NULL),
(572, 0, '2014-09-29 09:33:08', 1, 7, 878, 2988, NULL),
(573, 0, '2014-10-02 14:40:23', 2, 7, 879, 2984, NULL),
(574, 0, '2014-09-29 09:33:46', 0, 7, 880, 2990, NULL),
(575, 0, '2014-09-29 09:38:57', 1, 7, 881, 2987, NULL),
(576, 0, '2014-09-29 09:41:25', 2, 7, 882, 2991, NULL),
(577, 0, '2014-09-30 10:28:42', 2, 10, 883, 2985, NULL),
(578, 0, '2014-09-30 10:28:58', 1, 10, 884, 2986, NULL),
(579, 0, '2014-09-30 10:29:30', 2, 10, 885, 2982, NULL),
(580, 0, '2014-09-30 10:29:35', 1, 10, 886, 2983, NULL),
(581, 0, '2014-09-30 10:29:44', 1, 10, 887, 2989, NULL),
(582, 0, '2014-09-30 10:30:00', 0, 10, 888, 2988, NULL),
(583, 0, '2014-09-30 10:30:09', 2, 10, 889, 2984, NULL),
(584, 0, '2014-09-30 10:30:14', 0, 10, 890, 2990, NULL),
(585, 0, '2014-09-30 10:30:24', 5, 10, 891, 2987, NULL),
(586, 0, '2014-09-30 10:30:55', 1, 10, 892, 2991, NULL),
(587, 0, '2014-09-30 11:20:27', 0, 20, 893, 2986, NULL),
(588, 0, '2014-09-30 11:20:50', 2, 20, 894, 2985, NULL),
(589, 0, '2014-09-30 11:21:08', 3, 20, 895, 2984, NULL),
(590, 0, '2014-09-30 11:21:08', 2, 20, 896, 2989, NULL),
(591, 0, '2014-09-30 11:21:14', 2, 20, 897, 2988, NULL),
(592, 0, '2014-09-30 11:21:29', 0, 20, 898, 2990, NULL),
(593, 0, '2014-09-30 11:21:34', 1, 20, 899, 2987, NULL),
(594, 0, '2014-09-30 11:21:45', 1, 20, 900, 2991, NULL),
(595, 0, '2014-09-30 11:21:49', 1, 20, 901, 2983, NULL),
(596, 0, '2014-09-30 11:22:01', 2, 20, 902, 2982, NULL),
(597, 0, '2014-09-30 11:38:09', 2, 9, 903, 2985, NULL),
(598, 0, '2014-09-30 11:38:12', 1, 9, 904, 2986, NULL),
(599, 0, '2014-09-30 11:38:19', 1, 9, 905, 2982, NULL),
(600, 0, '2014-09-30 11:38:25', 1, 9, 906, 2983, NULL),
(601, 0, '2014-09-30 11:38:33', 5, 9, 907, 2989, NULL),
(602, 0, '2014-09-30 11:38:42', 3, 9, 908, 2988, NULL),
(603, 0, '2014-09-30 11:38:53', 0, 9, 909, 2984, NULL),
(604, 0, '2014-09-30 11:39:00', 0, 9, 910, 2990, NULL),
(605, 0, '2014-09-30 11:39:10', 1, 9, 911, 2987, NULL),
(606, 0, '2014-09-30 11:39:18', 0, 9, 912, 2991, NULL),
(607, 0, '2014-10-01 08:10:59', 2, 14, 913, 2985, NULL),
(608, 0, '2014-10-01 08:12:21', 1, 14, 914, 2986, NULL),
(609, 0, '2014-10-01 08:13:29', 1, 14, 915, 2982, NULL),
(610, 0, '2014-10-01 08:13:40', 0, 14, 916, 2983, NULL),
(611, 0, '2014-10-01 08:13:50', 0, 14, 917, 2989, NULL),
(612, 0, '2014-10-01 08:14:11', 1, 14, 918, 2988, NULL),
(613, 0, '2014-10-01 08:14:22', 2, 14, 919, 2984, NULL),
(614, 0, '2014-10-01 08:14:41', 1, 14, 920, 2990, NULL),
(615, 0, '2014-10-01 08:14:57', 2, 14, 921, 2987, NULL),
(616, 0, '2014-10-01 08:15:05', 5, 14, 922, 2991, NULL),
(617, 0, '2014-10-01 17:51:09', 2, 8, 923, 2985, NULL),
(618, 0, '2014-10-01 17:51:20', 1, 8, 924, 2986, NULL),
(619, 0, '2014-10-01 17:51:26', 2, 8, 925, 2982, NULL),
(620, 0, '2014-10-01 17:51:30', 0, 8, 926, 2983, NULL),
(621, 0, '2014-10-01 17:51:47', 2, 8, 927, 2989, NULL),
(622, 0, '2014-10-01 17:51:56', 1, 8, 928, 2988, NULL),
(623, 0, '2014-10-01 17:52:02', 0, 8, 929, 2984, NULL),
(624, 0, '2014-10-01 17:52:08', 0, 8, 930, 2990, NULL),
(625, 0, '2014-10-01 17:52:15', 5, 8, 931, 2987, NULL),
(626, 0, '2014-10-01 17:52:23', 3, 8, 932, 2991, NULL),
(627, 0, '2014-10-02 08:53:53', 2, 4, 933, 2985, NULL),
(628, 0, '2014-10-03 13:06:50', 0, 4, 934, 2986, NULL),
(629, 0, '2014-10-02 08:54:29', 1, 4, 935, 2982, NULL),
(630, 0, '2014-10-02 08:54:37', 0, 4, 936, 2983, NULL),
(631, 0, '2014-10-02 08:54:50', 2, 4, 937, 2989, NULL),
(632, 0, '2014-10-03 13:07:16', 5, 4, 938, 2988, NULL),
(633, 0, '2014-10-02 08:55:15', 3, 4, 939, 2984, NULL),
(634, 0, '2014-10-03 13:08:00', 1, 4, 940, 2990, NULL),
(635, 0, '2014-10-02 08:55:28', 0, 4, 941, 2987, NULL),
(636, 0, '2014-10-03 13:08:09', 1, 4, 942, 2991, NULL),
(637, 0, '2014-10-02 17:01:22', 0, 15, 943, 2985, NULL),
(638, 0, '2014-10-02 17:01:32', 0, 15, 944, 2986, NULL),
(639, 0, '2014-10-02 17:02:43', 2, 15, 945, 2982, NULL),
(640, 0, '2014-10-02 17:02:59', 1, 15, 946, 2983, NULL),
(641, 0, '2014-10-02 17:03:06', 2, 15, 947, 2989, NULL),
(642, 0, '2014-10-02 17:03:11', 3, 15, 948, 2984, NULL),
(643, 0, '2014-10-02 17:03:16', 1, 15, 949, 2988, NULL),
(644, 0, '2014-10-02 17:03:32', 0, 15, 950, 2990, NULL),
(645, 0, '2014-10-02 17:03:39', 0, 15, 951, 2987, NULL),
(646, 0, '2014-10-02 17:03:48', 2, 15, 952, 2991, NULL),
(647, 0, '2014-10-03 11:40:08', 2, 18, 954, 2986, NULL),
(648, 0, '2014-10-03 11:46:34', 0, 18, 955, 2982, NULL),
(649, 0, '2014-10-03 11:49:12', 0, 18, 956, 2983, NULL),
(650, 0, '2014-10-03 11:51:05', 0, 18, 957, 2989, NULL),
(651, 0, '2014-10-03 11:51:17', 0, 18, 958, 2988, NULL),
(652, 0, '2014-10-03 11:52:42', 3, 18, 959, 2984, NULL),
(653, 0, '2014-10-03 11:54:00', 1, 18, 960, 2990, NULL),
(654, 0, '2014-10-03 11:54:06', 5, 18, 961, 2987, NULL),
(655, 0, '2014-10-03 11:55:23', 5, 18, 962, 2991, NULL),
(656, 0, '2014-10-03 13:53:08', 5, 20, 963, 2992, NULL),
(657, 0, '2014-10-03 13:53:16', 2, 20, 964, 2996, NULL),
(658, 0, '2014-10-03 13:53:22', 0, 20, 965, 3001, NULL),
(659, 0, '2014-10-03 13:53:30', 0, 20, 966, 2997, NULL),
(660, 0, '2014-10-03 13:53:37', 5, 20, 967, 3000, NULL),
(661, 0, '2014-10-03 13:53:47', 2, 20, 968, 2999, NULL),
(662, 0, '2014-10-03 13:53:51', 0, 20, 969, 2995, NULL),
(663, 0, '2014-10-03 13:53:57', 2, 20, 970, 2994, NULL),
(664, 0, '2014-10-03 13:54:03', 1, 20, 971, 2998, NULL),
(665, 0, '2014-10-04 10:51:58', 1, 19, 972, 2986, NULL),
(666, 0, '2014-10-04 10:52:05', 3, 19, 973, 2982, NULL),
(667, 0, '2014-10-04 10:52:10', 1, 19, 974, 2983, NULL),
(668, 0, '2014-10-04 10:52:16', 2, 19, 975, 2989, NULL),
(669, 0, '2014-10-04 10:52:18', 1, 19, 976, 2988, NULL);
INSERT INTO `tb_palpite` (`ID_PALPITE`, `IN_COMPUTADO`, `DH_PALPITE`, `NU_PONTOS`, `ID_APOSTADOR`, `ID_PLACAR`, `ID_PARTIDA`, `DH_COMPUTADO`) VALUES
(670, 0, '2014-10-04 10:52:23', 3, 19, 977, 2984, NULL),
(671, 0, '2014-10-04 10:52:25', 1, 19, 978, 2990, NULL),
(672, 0, '2014-10-04 10:52:28', 1, 19, 979, 2987, NULL),
(673, 0, '2014-10-04 10:52:31', 3, 19, 980, 2991, NULL),
(674, 0, '2014-10-06 08:26:45', 1, 9, 990, 2992, NULL),
(675, 0, '2014-10-06 08:27:01', 3, 9, 991, 2996, NULL),
(676, 0, '2014-10-06 08:27:10', 0, 9, 992, 3001, NULL),
(677, 0, '2014-10-06 08:27:24', 0, 9, 993, 2997, NULL),
(678, 0, '2014-10-06 08:27:37', 2, 9, 994, 3000, NULL),
(679, 0, '2014-10-06 08:27:49', 0, 9, 995, 2993, NULL),
(680, 0, '2014-10-06 08:27:58', 5, 9, 996, 2999, NULL),
(681, 0, '2014-10-06 08:28:02', 0, 9, 997, 2995, NULL),
(682, 0, '2014-10-06 08:28:09', 3, 9, 998, 2994, NULL),
(683, 0, '2014-10-06 08:28:17', 2, 9, 999, 2998, NULL),
(684, 0, '2014-10-06 08:29:44', 1, 7, 1000, 2992, NULL),
(685, 0, '2014-10-06 08:30:07', 2, 7, 1001, 2996, NULL),
(686, 0, '2014-10-06 08:30:25', 0, 7, 1002, 3001, NULL),
(687, 0, '2014-10-06 08:30:29', 1, 7, 1003, 2997, NULL),
(688, 0, '2014-10-06 08:30:50', 5, 7, 1004, 3000, NULL),
(689, 0, '2014-10-06 08:31:07', 0, 7, 1005, 2993, NULL),
(690, 0, '2014-10-06 08:31:17', 3, 7, 1006, 2999, NULL),
(691, 0, '2014-10-06 08:31:36', 0, 7, 1007, 2995, NULL),
(692, 0, '2014-10-08 16:24:07', 2, 7, 1008, 2994, NULL),
(693, 0, '2014-10-06 08:32:14', 1, 7, 1009, 2998, NULL),
(694, 0, '2014-10-06 09:35:11', 0, 21, 1010, 2992, NULL),
(695, 0, '2014-10-06 09:35:28', 5, 21, 1011, 2996, NULL),
(696, 0, '2014-10-06 09:35:36', 0, 21, 1012, 3001, NULL),
(697, 0, '2014-10-06 09:35:44', 5, 21, 1013, 2997, NULL),
(698, 0, '2014-10-06 09:35:51', 1, 21, 1014, 3000, NULL),
(699, 0, '2014-10-06 09:35:57', 0, 21, 1015, 2993, NULL),
(700, 0, '2014-10-06 09:36:02', 3, 21, 1016, 2999, NULL),
(701, 0, '2014-10-06 09:36:15', 0, 21, 1017, 2995, NULL),
(702, 0, '2014-10-06 09:36:19', 5, 21, 1018, 2994, NULL),
(703, 0, '2014-10-06 09:36:26', 0, 21, 1019, 2998, NULL),
(704, 0, '2014-10-06 10:05:56', 0, 20, 1020, 3008, NULL),
(705, 0, '2014-10-06 10:06:12', 0, 20, 1021, 3007, NULL),
(706, 0, '2014-10-06 10:06:19', 0, 20, 1022, 3006, NULL),
(707, 0, '2014-10-06 10:06:27', 0, 20, 1023, 3004, NULL),
(708, 0, '2014-10-06 10:06:32', 0, 20, 1024, 3010, NULL),
(709, 0, '2014-10-06 10:06:42', 0, 20, 1025, 3002, NULL),
(710, 0, '2014-10-06 10:06:49', 0, 20, 1026, 3011, NULL),
(711, 0, '2014-10-06 10:07:19', 0, 20, 1027, 3009, NULL),
(712, 0, '2014-10-06 10:07:40', 0, 20, 1028, 3005, NULL),
(713, 0, '2014-10-06 10:07:50', 0, 20, 1029, 3003, NULL),
(714, 0, '2014-10-06 10:08:00', 0, 20, 1030, 3012, NULL),
(715, 0, '2014-10-06 10:08:05', 0, 20, 1031, 3017, NULL),
(716, 0, '2014-10-06 10:08:08', 0, 20, 1032, 3016, NULL),
(717, 0, '2014-10-06 10:08:26', 0, 20, 1033, 3020, NULL),
(718, 0, '2014-10-06 10:08:35', 0, 20, 1034, 3013, NULL),
(719, 0, '2014-10-06 10:08:43', 0, 20, 1035, 3021, NULL),
(720, 0, '2014-10-06 10:08:46', 0, 20, 1036, 3019, NULL),
(721, 0, '2014-10-06 10:08:49', 0, 20, 1037, 3015, NULL),
(722, 0, '2014-10-06 10:08:52', 0, 20, 1038, 3014, NULL),
(723, 0, '2014-10-06 10:08:58', 0, 20, 1039, 3018, NULL),
(724, 0, '2014-10-06 10:09:12', 0, 20, 1040, 3028, NULL),
(725, 0, '2014-10-06 10:09:24', 0, 20, 1041, 3026, NULL),
(726, 0, '2014-10-06 10:09:28', 0, 20, 1042, 3031, NULL),
(727, 0, '2014-10-06 10:09:32', 0, 20, 1043, 3024, NULL),
(728, 0, '2014-10-06 10:09:38', 0, 20, 1044, 3030, NULL),
(729, 0, '2014-10-06 10:09:44', 0, 20, 1045, 3027, NULL),
(730, 0, '2014-10-06 10:09:51', 0, 20, 1046, 3022, NULL),
(731, 0, '2014-10-06 10:09:53', 0, 20, 1047, 3029, NULL),
(732, 0, '2014-10-06 10:09:57', 0, 20, 1048, 3025, NULL),
(733, 0, '2014-10-06 10:10:11', 0, 20, 1049, 3023, NULL),
(734, 0, '2014-10-06 10:10:38', 0, 20, 1050, 3032, NULL),
(735, 0, '2014-10-06 10:10:24', 0, 20, 1051, 3037, NULL),
(736, 0, '2014-10-06 10:10:27', 0, 20, 1052, 3036, NULL),
(737, 0, '2014-10-06 10:10:32', 0, 20, 1053, 3041, NULL),
(738, 0, '2014-10-06 10:10:41', 0, 20, 1054, 3040, NULL),
(739, 0, '2014-10-06 10:10:46', 0, 20, 1055, 3033, NULL),
(740, 0, '2014-10-06 10:10:48', 0, 20, 1056, 3039, NULL),
(741, 0, '2014-10-06 10:10:57', 0, 20, 1057, 3035, NULL),
(742, 0, '2014-10-06 10:11:01', 0, 20, 1058, 3034, NULL),
(743, 0, '2014-10-06 10:11:05', 0, 20, 1059, 3038, NULL),
(744, 0, '2014-10-06 10:11:20', 0, 20, 1060, 3048, NULL),
(745, 0, '2014-10-06 10:11:27', 0, 20, 1061, 3046, NULL),
(746, 0, '2014-10-06 10:11:31', 0, 20, 1062, 3044, NULL),
(747, 0, '2014-10-06 10:11:32', 0, 20, 1063, 3050, NULL),
(748, 0, '2014-10-06 10:11:36', 0, 20, 1064, 3047, NULL),
(749, 0, '2014-10-06 10:11:40', 0, 20, 1065, 3042, NULL),
(750, 0, '2014-10-06 10:11:47', 0, 20, 1066, 3051, NULL),
(751, 0, '2014-10-06 10:11:50', 0, 20, 1067, 3049, NULL),
(752, 0, '2014-10-06 10:11:58', 0, 20, 1068, 3045, NULL),
(753, 0, '2014-10-06 10:12:01', 0, 20, 1069, 3043, NULL),
(754, 0, '2014-10-06 10:12:15', 0, 20, 1070, 3052, NULL),
(755, 0, '2014-10-06 10:12:20', 0, 20, 1071, 3056, NULL),
(756, 0, '2014-10-06 10:12:20', 0, 20, 1072, 3054, NULL),
(757, 0, '2014-10-06 10:12:32', 0, 20, 1073, 3057, NULL),
(758, 0, '2014-10-06 10:12:34', 0, 20, 1074, 3060, NULL),
(759, 0, '2014-10-06 10:12:38', 0, 20, 1075, 3061, NULL),
(760, 0, '2014-10-06 10:12:42', 0, 20, 1076, 3059, NULL),
(761, 0, '2014-10-06 10:12:44', 0, 20, 1077, 3055, NULL),
(762, 0, '2014-10-06 10:12:46', 0, 20, 1078, 3053, NULL),
(763, 0, '2014-10-06 10:12:52', 0, 20, 1079, 3058, NULL),
(764, 0, '2014-10-06 12:12:24', 3, 22, 1080, 2996, NULL),
(765, 0, '2014-10-06 12:12:25', 1, 22, 1081, 2992, NULL),
(766, 0, '2014-10-06 12:12:45', 0, 22, 1082, 3001, NULL),
(767, 0, '2014-10-06 12:12:47', 1, 22, 1083, 2997, NULL),
(768, 0, '2014-10-06 12:13:01', 3, 22, 1084, 3000, NULL),
(769, 0, '2014-10-06 12:13:05', 0, 22, 1085, 2993, NULL),
(770, 0, '2014-10-06 12:13:11', 3, 22, 1086, 2999, NULL),
(771, 0, '2014-10-06 12:13:22', 0, 22, 1087, 2995, NULL),
(772, 0, '2014-10-06 12:13:26', 2, 22, 1088, 2994, NULL),
(773, 0, '2014-10-06 12:13:33', 1, 22, 1089, 2998, NULL),
(774, 0, '2014-10-06 13:38:09', 0, 12, 1090, 2992, NULL),
(775, 0, '2014-10-06 13:38:20', 5, 12, 1091, 2996, NULL),
(776, 0, '2014-10-06 13:38:26', 0, 12, 1092, 2997, NULL),
(777, 0, '2014-10-06 13:38:27', 0, 12, 1093, 3001, NULL),
(778, 0, '2014-10-06 13:38:30', 2, 12, 1094, 3000, NULL),
(779, 0, '2014-10-06 13:38:31', 0, 12, 1095, 2993, NULL),
(780, 0, '2014-10-06 13:38:34', 3, 12, 1096, 2999, NULL),
(781, 0, '2014-10-06 13:38:37', 0, 12, 1097, 2995, NULL),
(782, 0, '2014-10-06 13:38:39', 3, 12, 1098, 2994, NULL),
(783, 0, '2014-10-06 13:38:48', 0, 12, 1099, 2998, NULL),
(784, 0, '2014-10-06 15:25:37', 1, 18, 1100, 2992, NULL),
(785, 0, '2014-10-06 15:26:59', 0, 18, 1101, 2996, NULL),
(786, 0, '2014-10-06 15:54:50', 0, 18, 1102, 3001, NULL),
(787, 0, '2014-10-06 15:55:15', 2, 18, 1103, 2997, NULL),
(788, 0, '2014-10-06 16:33:39', 1, 18, 1104, 3000, NULL),
(789, 0, '2014-10-06 16:36:15', 0, 18, 1105, 2993, NULL),
(790, 0, '2014-10-06 16:37:07', 3, 18, 1106, 2999, NULL),
(791, 0, '2014-10-06 16:38:32', 0, 18, 1107, 2995, NULL),
(792, 0, '2014-10-06 16:40:33', 3, 18, 1108, 2994, NULL),
(793, 0, '2014-10-06 16:42:15', 0, 18, 1109, 2998, NULL),
(794, 0, '2014-10-07 08:30:16', 5, 14, 1110, 2996, NULL),
(795, 0, '2014-10-07 08:30:29', 1, 14, 1111, 2992, NULL),
(796, 0, '2014-10-07 08:30:37', 0, 14, 1112, 3001, NULL),
(797, 0, '2014-10-07 08:30:49', 0, 14, 1113, 2997, NULL),
(798, 0, '2014-10-07 08:31:02', 2, 14, 1114, 3000, NULL),
(799, 0, '2014-10-07 08:31:14', 0, 14, 1115, 2993, NULL),
(800, 0, '2014-10-07 08:31:27', 5, 14, 1116, 2999, NULL),
(801, 0, '2014-10-07 08:31:39', 0, 14, 1117, 2995, NULL),
(802, 0, '2014-10-07 08:31:54', 1, 14, 1118, 2994, NULL),
(803, 0, '2014-10-07 08:32:03', 0, 14, 1119, 2998, NULL),
(804, 0, '2014-10-07 14:11:58', 5, 17, 1120, 2992, NULL),
(805, 0, '2014-10-07 14:12:06', 2, 17, 1121, 2996, NULL),
(806, 0, '2014-10-07 14:12:14', 0, 17, 1122, 3001, NULL),
(807, 0, '2014-10-07 14:12:18', 1, 17, 1123, 2997, NULL),
(808, 0, '2014-10-07 14:12:26', 3, 17, 1124, 3000, NULL),
(809, 0, '2014-10-07 14:12:41', 0, 17, 1125, 2993, NULL),
(810, 0, '2014-10-07 14:12:45', 3, 17, 1126, 2999, NULL),
(811, 0, '2014-10-07 14:12:54', 0, 17, 1127, 2995, NULL),
(812, 0, '2014-10-07 14:13:01', 3, 17, 1128, 2994, NULL),
(813, 0, '2014-10-07 14:13:05', 2, 17, 1129, 2998, NULL),
(814, 0, '2014-10-07 16:25:15', 1, 4, 1130, 2992, NULL),
(815, 0, '2014-10-07 16:25:28', 2, 4, 1131, 2996, NULL),
(816, 0, '2014-10-07 16:25:31', 3, 4, 1132, 2994, NULL),
(817, 0, '2014-10-07 16:25:37', 1, 4, 1133, 2998, NULL),
(818, 0, '2014-10-08 17:07:28', 5, 4, 1134, 2997, NULL),
(819, 0, '2014-10-07 16:25:46', 1, 4, 1135, 3000, NULL),
(820, 0, '2014-10-07 16:25:49', 5, 4, 1136, 2999, NULL),
(821, 0, '2014-10-07 16:25:55', 0, 4, 1137, 2993, NULL),
(822, 0, '2014-10-07 16:26:00', 0, 4, 1138, 2995, NULL),
(823, 0, '2014-10-07 16:26:07', 0, 4, 1139, 3001, NULL),
(824, 0, '2014-10-08 08:11:21', 5, 19, 1140, 2992, NULL),
(825, 0, '2014-10-08 08:11:59', 2, 19, 1141, 2996, NULL),
(826, 0, '2014-10-08 08:12:08', 0, 19, 1142, 2998, NULL),
(827, 0, '2014-10-08 08:12:37', 1, 19, 1143, 2997, NULL),
(828, 0, '2014-10-08 08:13:08', 2, 19, 1144, 3000, NULL),
(829, 0, '2014-10-08 08:13:40', 5, 19, 1145, 2999, NULL),
(830, 0, '2014-10-08 08:14:05', 0, 19, 1146, 2993, NULL),
(831, 0, '2014-10-08 08:14:17', 0, 19, 1147, 2995, NULL),
(832, 0, '2014-10-08 08:14:44', 0, 19, 1148, 3001, NULL),
(833, 0, '2014-10-08 08:15:41', 0, 19, 1149, 2994, NULL),
(834, 0, '2014-10-08 08:21:25', 3, 10, 1150, 2992, NULL),
(835, 0, '2014-10-08 08:21:31', 2, 10, 1151, 2994, NULL),
(836, 0, '2014-10-08 08:21:36', 1, 10, 1152, 2998, NULL),
(837, 0, '2014-10-08 17:06:45', 0, 10, 1153, 2997, NULL),
(838, 0, '2014-10-08 08:21:50', 0, 10, 1154, 3000, NULL),
(839, 0, '2014-10-08 08:22:01', 5, 10, 1155, 2999, NULL),
(840, 0, '2014-10-08 20:43:01', 0, 10, 1156, 2993, NULL),
(841, 0, '2014-10-08 17:08:09', 0, 10, 1157, 2995, NULL),
(842, 0, '2014-10-09 19:26:37', 0, 10, 1158, 3001, NULL),
(843, 0, '2014-10-08 10:01:12', 2, 8, 1159, 2992, NULL),
(844, 0, '2014-10-08 10:01:21', 2, 8, 1160, 2996, NULL),
(845, 0, '2014-10-08 10:01:24', 2, 8, 1161, 2994, NULL),
(846, 0, '2014-10-08 10:02:18', 2, 8, 1162, 2998, NULL),
(847, 0, '2014-10-08 10:02:31', 0, 8, 1163, 2997, NULL),
(848, 0, '2014-10-08 10:02:38', 5, 8, 1164, 3000, NULL),
(849, 0, '2014-10-08 10:02:43', 5, 8, 1165, 2999, NULL),
(850, 0, '2014-10-08 10:02:49', 0, 8, 1166, 2993, NULL),
(851, 0, '2014-10-09 17:59:20', 0, 8, 1167, 2995, NULL),
(852, 0, '2014-10-08 10:03:03', 0, 8, 1168, 3001, NULL),
(853, 0, '2014-10-08 17:06:29', 3, 10, 1169, 2996, NULL),
(854, 0, '2014-10-08 17:46:18', 2, 15, 1170, 2992, NULL),
(855, 0, '2014-10-08 17:46:25', 5, 15, 1171, 2996, NULL),
(856, 0, '2014-10-08 17:47:59', 3, 15, 1172, 2994, NULL),
(857, 0, '2014-10-08 17:48:02', 1, 15, 1173, 2998, NULL),
(858, 0, '2014-10-08 17:48:06', 5, 15, 1174, 2997, NULL),
(859, 0, '2014-10-08 17:48:10', 1, 15, 1175, 3000, NULL),
(860, 0, '2014-10-08 17:48:16', 0, 15, 1176, 2999, NULL),
(861, 0, '2014-10-08 17:48:29', 0, 15, 1177, 2993, NULL),
(862, 0, '2014-10-08 17:48:34', 0, 15, 1178, 2995, NULL),
(863, 0, '2014-10-08 17:48:41', 0, 15, 1179, 3001, NULL),
(864, 0, '2014-10-09 03:06:21', 0, 21, 1187, 3008, NULL),
(865, 0, '2014-10-09 03:06:34', 0, 21, 1188, 3004, NULL),
(866, 0, '2014-10-09 03:06:50', 0, 21, 1189, 3009, NULL),
(867, 0, '2014-10-09 03:06:58', 0, 21, 1190, 3003, NULL),
(868, 0, '2014-10-09 03:08:16', 0, 21, 1191, 3006, NULL),
(869, 0, '2014-10-09 08:41:42', 0, 10, 1192, 3006, NULL),
(870, 0, '2014-10-09 08:41:47', 0, 10, 1193, 3004, NULL),
(871, 0, '2014-10-09 08:41:57', 0, 10, 1194, 3010, NULL),
(872, 0, '2014-10-09 08:42:06', 0, 10, 1195, 3002, NULL),
(873, 0, '2014-10-09 19:30:02', 0, 10, 1196, 3011, NULL),
(874, 0, '2014-10-09 08:42:22', 0, 10, 1197, 3009, NULL),
(875, 0, '2014-10-09 08:42:36', 0, 10, 1198, 3005, NULL),
(876, 0, '2014-10-09 08:42:50', 0, 10, 1199, 3003, NULL),
(877, 0, '2014-10-09 19:24:01', 0, 10, 1200, 3008, NULL),
(878, 0, '2014-10-09 08:43:02', 0, 10, 1201, 3007, NULL),
(879, 0, '2014-10-09 22:08:47', 0, 21, 1202, 3007, NULL),
(880, 0, '2014-10-09 22:08:58', 0, 21, 1203, 3010, NULL),
(881, 0, '2014-10-09 22:09:02', 0, 21, 1204, 3002, NULL),
(882, 0, '2014-10-09 22:09:07', 0, 21, 1205, 3011, NULL),
(883, 0, '2014-10-09 22:09:10', 0, 21, 1206, 3005, NULL);


--
-- Dumping data for table 'tb_pontuacao'
--

INSERT INTO tb_pontuacao (ID_PONTUACAO, NU_APROVEITAMENTO, NU_DERROTAS, NU_EMPATES, NU_GOLS_CONTRA, NU_GOLS_PRO, NU_JOGOS, NU_PONTOS, NU_SALDO_GOLS, NU_VITORIAS, ID_RANKING, ID_TIME, IN_ELITE, IN_INFERIOR) VALUES
(1, 0.0, 0, 0, 0, 0, 0, 0, 0, 0, 2, 7, 0, 0),
(2, 0.0, 0, 0, 0, 0, 0, 0, 0, 0, 2, 6, 0, 0),
(3, 0.0, 0, 0, 0, 0, 0, 0, 0, 0, 2, 8, 0, 0),
(4, 0.0, 0, 0, 0, 0, 0, 0, 0, 0, 2, 19, 0, 0),
(5, 0.0, 0, 0, 0, 0, 0, 0, 0, 0, 2, 18, 0, 0),
(6, 0.0, 0, 0, 0, 0, 0, 0, 0, 0, 2, 15, 0, 0),
(7, 0.0, 0, 0, 0, 0, 0, 0, 0, 0, 2, 5, 0, 0),
(8, 0.0, 0, 0, 0, 0, 0, 0, 0, 0, 2, 14, 0, 0),
(9, 0.0, 0, 0, 0, 0, 0, 0, 0, 0, 2, 11, 0, 0),
(10, 0.0, 0, 0, 0, 0, 0, 0, 0, 0, 2, 13, 0, 0),
(11, 0.0, 0, 0, 0, 0, 0, 0, 0, 0, 2, 16, 0, 0),
(12, 0.0, 0, 0, 0, 0, 0, 0, 0, 0, 2, 3, 0, 0),
(13, 0.0, 0, 0, 0, 0, 0, 0, 0, 0, 2, 17, 0, 0),
(14, 0.0, 0, 0, 0, 0, 0, 0, 0, 0, 2, 10, 0, 0),
(15, 0.0, 0, 0, 0, 0, 0, 0, 0, 0, 2, 12, 0, 0),
(16, 0.0, 0, 0, 0, 0, 0, 0, 0, 0, 2, 20, 0, 0),
(17, 0.0, 0, 0, 0, 0, 0, 0, 0, 0, 2, 9, 0, 0),
(18, 0.0, 0, 0, 0, 0, 0, 0, 0, 0, 2, 4, 0, 0),
(19, 0.0, 0, 0, 0, 0, 0, 0, 0, 0, 2, 1, 0, 0),
(20, 0.0, 0, 0, 0, 0, 0, 0, 0, 0, 2, 2, 0, 0);

-- Ate o 4 colocado eh ELITE
-- A partir do 17 (inclusive) eh considerado INFERIOR

INSERT INTO tb_campeonato_param (ID_CAMPEONATO, NU_POS_LIM_INFERIOR, NU_POS_LIM_ELITE) VALUES (1, 17, 4);
UPDATE tb_campeonato_param SET DC_URL_FETCH_JOGOS = '/web-crawl/tabelabrasileirao-2014.net.html' WHERE ID_CAMPEONATO = 1;

DELETE FROM tb_msg_template;
-- http://native2ascii.net/
INSERT INTO tb_msg_template (TP_TEMPLATE, ID_TEMPLATE, DC_CLASSPATH, DC_LINK_ACESSO, TP_NOTIFICACAO, NM_ASSUNTO, NM_REMETENTE, DC_EMAIL_REMETENTE) VALUES ('E', NULL, 'br/com/debico/notify/email/templates/alerta_palpite.vm', 'http://www.debico.com.br/app/campeonatos/%s/%s/palpites', 1, 'Camarada, não se esqueça de palpitar!', 'De Bico', 'noreply@debico.com.br');
INSERT INTO tb_msg_template (TP_TEMPLATE, ID_TEMPLATE, DC_CLASSPATH, DC_LINK_ACESSO, TP_NOTIFICACAO, NM_ASSUNTO, NM_REMETENTE, DC_EMAIL_REMETENTE) VALUES ('E', NULL, 'br/com/debico/notify/email/templates/contato.vm', null, 2, 'Contato do site Debico.com.br', 'De Bico', 'noreply@debico.com.br'); 

INSERT INTO tb_msg_template 
    (TP_TEMPLATE, 
    ID_TEMPLATE, 
    DC_CLASSPATH, 
    DC_LINK_ACESSO, 
    TP_NOTIFICACAO, 
    NM_ASSUNTO, 
    NM_REMETENTE, 
    DC_EMAIL_REMETENTE) 
VALUES 
    ('E', 
    NULL, 
    'br/com/debico/notify/email/templates/esqueci_minha_senha.vm', 
    'http://www.debico.com.br/app/public/senha?token=%s', 
    3, 
    'Camarada, você esqueceu a sua senha? Recupere já!', 
    'De Bico', 
    'noreply@debico.com.br');